instance,residue_name,residue_id,type,uniprot,notes,status,proposer_id,administrator,disputer_id
1,N-glycan_core_b-D-GlcpNAc_B,NB,GT,Q9D081,,active,AN,WSY,
2,N-glycan_core_b-D-GlcpNAc_B,NB,GT,Q96F25,,active,AN,WSY,
3,N-glycan_core_b-D-GlcpNAc_B,NB,GT,Q9D8C3,,active,AN,WSY,
4,N-glycan_core_b-D-GlcpNAc_B,NB,GT,Q9NP73,,active,AN,WSY,
5,N-glycan_core_b-D-GlcpNAc_B,NB,GT,Q8BML3,not in human,active,AN,WSY,
6,N-glycan_core_b-D-Manp,NC,GT,Q921Q3,,active,AN,WSY,
7,N-glycan_core_b-D-Manp,NC,GT,Q9BT22,,active,AN,WSY,
8,N-glycan_a-D-Manp_4,N4,GT,Q9DBE8,,active,AN,WSY,
9,N-glycan_a-D-Manp_4,N4,GT,Q9H553,,active,AN,WSY,
10,N-glycan_a-D-Manp_1,N1,GT,Q9DBE8,,active,AN,WSY,
11,N-glycan_a-D-Manp_1,N1,GT,Q9H553,,active,AN,WSY,
12,N-glycan_a-D-Manp_21,N21,GT,Q3TZM9,,active,AN,WSY,
13,N-glycan_a-D-Manp_21,N21,GT,Q2TAA5,,active,AN,WSY,
14,N-glycan_a-D-Manp_22,N22,GT,Q3TZM9,,active,AN,WSY,
15,N-glycan_a-D-Manp_22,N22,GT,Q2TAA5,,active,AN,WSY,
16,N-glycan_a-D-Manp_19,N19,GT,Q8K2A8,,active,AN,WSY,
17,N-glycan_a-D-Manp_19,N19,GT,Q92685,,active,AN,WSY,
18,N-glycan_a-D-Manp_24,N24,GT,Q8VDI9,,active,AN,WSY,
19,N-glycan_a-D-Manp_24,N24,GT,Q9H6U8,,active,AN,WSY,
20,N-glycan_a-D-Manp_20,N20,GT,Q8K2A8,,active,AN,WSY,
21,N-glycan_a-D-Manp_20,N20,GT,Q92685,,active,AN,WSY,
22,N-glycan_a-D-Manp_23,N23,GT,Q8VDB2,,active,AN,WSY,
23,N-glycan_a-D-Manp_23,N23,GT,Q9BV10,,active,AN,WSY,
24,N-glycan_a-D-Glcp_25,N25,GT,Q3TAE8,,active,AN,WSY,
25,N-glycan_a-D-Glcp_25,N25,GT,Q9Y672,,active,AN,WSY,
26,N-glycan_a-D-Glcp_26,N26,GT,Q6P8H8,,active,AN,WSY,
27,N-glycan_a-D-Glcp_26,N26,GT,Q9BVK2,,active,AN,WSY,
28,N-glycan_a-D-Glcp_27,N27,GT,Q3UGP8,,active,AN,WSY,
29,N-glycan_a-D-Glcp_27,N27,GT,Q5BKT4,,active,AN,WSY,
30,N-glycan_b-D-GlcpNAc_2,N2,GT,P27808,,active,AN,WSY,
31,N-glycan_b-D-GlcpNAc_2,N2,GT,P26572,,active,AN,WSY,
32,N-glycan_a-L-Fucp_15,N15,GT,Q9WTS2,,active,AN,WSY,
33,N-glycan_a-L-Fucp_15,N15,GT,Q9BYC5,,active,AN,WSY,
34,N-glycan_b-D-GlcpNAc_5,N5,GT,Q921V5,,active,AN,WSY,
35,N-glycan_b-D-GlcpNAc_5,N5,GT,Q10469,,active,AN,WSY,
36,N-glycan_b-D-Galp_3,N3,GT,P15535,,active,AN,WSY,
37,N-glycan_b-D-Galp_3,N3,GT,P15291,,active,AN,WSY,
38,N-glycan_b-D-Galp_3,N3,GT,Q9Z2Y2,,active,AN,WSY,
39,N-glycan_b-D-Galp_3,N3,GT,O60909,,active,AN,WSY,
40,N-glycan_b-D-Galp_3,N3,GT,Q91YY2,,active,AN,WSY,
41,N-glycan_b-D-Galp_3,N3,GT,O60512,,active,AN,WSY,
42,N-glycan_b-D-GlcpNAc_7,N7,GT,Q812G0,,active,AN,WSY,
43,N-glycan_b-D-GlcpNAc_7,N7,GT,Q9UM21,,active,AN,WSY,
44,N-glycan_b-D-GlcpNAc_7,N7,GT,Q812F8,,active,AN,WSY,
45,N-glycan_b-D-GlcpNAc_7,N7,GT,Q9UQ53,,active,AN,WSY,
46,N-glycan_b-D-GlcpNAc_7,N7,GT,Q9D306,,active,AN,WSY,
47,N-glycan_b-D-GlcpNAc_7,N7,GT,Q9UBM8,,active,AN,WSY,
48,N-glycan_b-D-Galp_6,N6,GT,P15535,,active,AN,WSY,
49,N-glycan_b-D-Galp_6,N6,GT,P15291,,active,AN,WSY,
50,N-glycan_b-D-Galp_6,N6,GT,Q9Z2Y2,,active,AN,WSY,
51,N-glycan_b-D-Galp_6,N6,GT,O60909,,active,AN,WSY,
52,N-glycan_b-D-Galp_6,N6,GT,Q91YY2,,active,AN,WSY,
53,N-glycan_b-D-Galp_6,N6,GT,O60512,,active,AN,WSY,
54,N-glycan_b-D-Galp_28,N28,GT,O54905,,active,AN,WSY,
55,N-glycan_b-D-Galp_28,N28,GT,O43825,,active,AN,WSY,
56,N-glycan_b-D-Galp_28,N28,GT,Q9JI67,,active,AN,WSY,
57,N-glycan_b-D-Galp_28,N28,GT,Q9Y2C3,,active,AN,WSY,
58,N-glycan_a-D-NeupNAc_12,N12,GT,Q64685,major,active,AN,WSY,
59,N-glycan_a-D-NeupNAc_12,N12,GT,P15907,major,active,AN,WSY,
60,N-glycan_a-D-NeupNAc_12,N12,GT,Q76K27,minor,active,AN,WSY,
61,N-glycan_a-D-NeupNAc_12,N12,GT,Q96JF0,minor,active,AN,WSY,
62,N-glycan_a-D-NeupNAc_13,N13,GT,Q64685,major,active,AN,WSY,
63,N-glycan_a-D-NeupNAc_13,N13,GT,P15907,major,active,AN,WSY,
64,N-glycan_a-D-NeupNAc_13,N13,GT,Q76K27,minor,active,AN,WSY,
65,N-glycan_a-D-NeupNAc_13,N13,GT,Q96JF0,minor,active,AN,WSY,
66,N-glycan_a-D-NeupNAc_33,N33,GT,P97325,major,active,AN,WSY,
67,N-glycan_a-D-NeupNAc_33,N33,GT,Q11203,major,active,AN,WSY,
68,N-glycan_a-D-NeupNAc_33,N33,GT,Q91Y74,minor,active,AN,WSY,
69,N-glycan_a-D-NeupNAc_33,N33,GT,Q11206,minor,active,AN,WSY,
70,N-glycan_a-D-NeupNAc_33,N33,GT,Q8VIB3,minor,active,AN,WSY,
71,N-glycan_a-D-NeupNAc_33,N33,GT,Q9Y274,minor,active,AN,WSY,
72,N-glycan_b-D-Galp_8,N8,GT,P15535,,active,AN,WSY,
73,N-glycan_b-D-Galp_8,N8,GT,P15291,,active,AN,WSY,
74,N-glycan_b-D-Galp_8,N8,GT,Q9Z2Y2,,active,AN,WSY,
75,N-glycan_b-D-Galp_8,N8,GT,O60909,,active,AN,WSY,
76,N-glycan_b-D-Galp_8,N8,GT,Q91YY2,,active,AN,WSY,
77,N-glycan_b-D-Galp_8,N8,GT,O60512,,active,AN,WSY,
78,N-glycan_a-D-NeupNAc_14,N14,GT,Q64685,major,active,AN,WSY,
79,N-glycan_a-D-NeupNAc_14,N14,GT,P15907,major,active,AN,WSY,
80,N-glycan_a-D-NeupNAc_14,N14,GT,Q76K27,minor,active,AN,WSY,
81,N-glycan_a-D-NeupNAc_14,N14,GT,Q96JF0,minor,active,AN,WSY,
82,N-glycan_b-D-GlcpNAc_9,N9,GT,Q8R4G6,major,active,AN,WSY,
83,N-glycan_b-D-GlcpNAc_9,N9,GT,Q09328,major,active,AN,WSY,
84,N-glycan_b-D-GlcpNAc_9,N9,GT,Q765H6,minor?,active,AN,WSY,
85,N-glycan_b-D-GlcpNAc_9,N9,GT,Q3V5L5,minor?,active,AN,WSY,
86,N-glycan_b-D-Galp_10,N10,GT,P15535,,active,AN,WSY,
87,N-glycan_b-D-Galp_10,N10,GT,P15291,,active,AN,WSY,
88,N-glycan_b-D-Galp_10,N10,GT,Q9Z2Y2,,active,AN,WSY,
89,N-glycan_b-D-Galp_10,N10,GT,O60909,,active,AN,WSY,
90,N-glycan_b-D-Galp_10,N10,GT,Q91YY2,,active,AN,WSY,
91,N-glycan_b-D-Galp_10,N10,GT,O60512,,active,AN,WSY,
92,N-glycan_b-D-GlcpNAc_36,N36,GT,Q9Z222,major,active,AN,WSY,
93,N-glycan_b-D-GlcpNAc_36,N36,GT,Q9NY97,major,active,AN,WSY,
94,N-glycan_b-D-GlcpNAc_36,N36,GT,Q1RLK6,minor,active,AN,WSY,
95,N-glycan_b-D-GlcpNAc_36,N36,GT,Q9C0J1,minor,active,AN,WSY,
96,N-glycan_b-D-GlcpNAc_36,N36,GT,Q8R3I9,,active,AN,WSY,
97,N-glycan_b-D-GlcpNAc_36,N36,GT,Q7Z7M8,,active,AN,WSY,
98,N-glycan_b-D-GlcpNAc_59,N59,GT,Q9Z222,major,active,AN,WSY,
99,N-glycan_b-D-GlcpNAc_59,N59,GT,Q9NY97,major,active,AN,WSY,
100,N-glycan_b-D-GlcpNAc_59,N59,GT,Q1RLK6,minor,active,AN,WSY,
101,N-glycan_b-D-GlcpNAc_59,N59,GT,Q9C0J1,minor,active,AN,WSY,
102,N-glycan_b-D-GlcpNAc_59,N59,GT,Q8R3I9,,active,AN,WSY,
103,N-glycan_b-D-GlcpNAc_59,N59,GT,Q7Z7M8,,active,AN,WSY,
104,N-glycan_b-D-GlcpNAc_62,N62,GT,Q9Z222,major,active,AN,WSY,
105,N-glycan_b-D-GlcpNAc_62,N62,GT,Q9NY97,major,active,AN,WSY,
106,N-glycan_b-D-GlcpNAc_62,N62,GT,Q1RLK6,minor,active,AN,WSY,
107,N-glycan_b-D-GlcpNAc_62,N62,GT,Q9C0J1,minor,active,AN,WSY,
108,N-glycan_b-D-GlcpNAc_62,N62,GT,Q8R3I9,,active,AN,WSY,
109,N-glycan_b-D-GlcpNAc_62,N62,GT,Q7Z7M8,,active,AN,WSY,
110,N-glycan_b-D-GlcpNAc_75,N75,GT,Q9Z222,major,active,AN,WSY,
111,N-glycan_b-D-GlcpNAc_75,N75,GT,Q9NY97,major,active,AN,WSY,
112,N-glycan_b-D-GlcpNAc_75,N75,GT,Q1RLK6,minor,active,AN,WSY,
113,N-glycan_b-D-GlcpNAc_75,N75,GT,Q9C0J1,minor,active,AN,WSY,
114,N-glycan_b-D-GlcpNAc_75,N75,GT,Q8R3I9,,active,AN,WSY,
115,N-glycan_b-D-GlcpNAc_75,N75,GT,Q7Z7M8,,active,AN,WSY,
116,N-glycan_b-D-Galp_37,N37,GT,P15535,,active,AN,WSY,
117,N-glycan_b-D-Galp_37,N37,GT,P15291,,active,AN,WSY,
118,N-glycan_b-D-Galp_37,N37,GT,Q9Z2Y2,,active,AN,WSY,
119,N-glycan_b-D-Galp_37,N37,GT,O60909,,active,AN,WSY,
120,N-glycan_b-D-Galp_37,N37,GT,Q91YY2,,active,AN,WSY,
121,N-glycan_b-D-Galp_37,N37,GT,O60512,,active,AN,WSY,
122,N-glycan_b-D-Galp_60,N60,GT,P15535,,active,AN,WSY,
123,N-glycan_b-D-Galp_60,N60,GT,P15291,,active,AN,WSY,
124,N-glycan_b-D-Galp_60,N60,GT,Q9Z2Y2,,active,AN,WSY,
125,N-glycan_b-D-Galp_60,N60,GT,O60909,,active,AN,WSY,
126,N-glycan_b-D-Galp_60,N60,GT,Q91YY2,,active,AN,WSY,
127,N-glycan_b-D-Galp_60,N60,GT,O60512,,active,AN,WSY,
128,N-glycan_b-D-Galp_80,N80,GT,P15535,,active,AN,WSY,
129,N-glycan_b-D-Galp_80,N80,GT,P15291,,active,AN,WSY,
130,N-glycan_b-D-Galp_80,N80,GT,Q9Z2Y2,,active,AN,WSY,
131,N-glycan_b-D-Galp_80,N80,GT,O60909,,active,AN,WSY,
132,N-glycan_b-D-Galp_80,N80,GT,Q91YY2,,active,AN,WSY,
133,N-glycan_b-D-Galp_80,N80,GT,O60512,,active,AN,WSY,
134,N-glycan_a-D-NeupNAc_17,N17,GT,P97325,minor (type 1> type2),active,AN,WSY,
135,N-glycan_a-D-NeupNAc_17,N17,GT,Q11203,minor (type 1> type2),active,AN,WSY,
136,N-glycan_a-D-NeupNAc_17,N17,GT,Q91Y74,type 2> type1,active,AN,WSY,
137,N-glycan_a-D-NeupNAc_17,N17,GT,Q11206,type 2> type1,active,AN,WSY,
138,N-glycan_a-D-NeupNAc_17,N17,GT,Q8VIB3,type 2,active,AN,WSY,
139,N-glycan_a-D-NeupNAc_17,N17,GT,Q9Y274,type 2,active,AN,WSY,
140,N-glycan_a-D-NeupNAc_34,N34,GT,P97325,minor (type 1> type2),active,AN,WSY,
141,N-glycan_a-D-NeupNAc_34,N34,GT,Q11203,minor (type 1> type2),active,AN,WSY,
142,N-glycan_a-D-NeupNAc_34,N34,GT,Q91Y74,type 2> type1,active,AN,WSY,
143,N-glycan_a-D-NeupNAc_34,N34,GT,Q11206,type 2> type1,active,AN,WSY,
144,N-glycan_a-D-NeupNAc_34,N34,GT,Q8VIB3,type 2,active,AN,WSY,
145,N-glycan_a-D-NeupNAc_34,N34,GT,Q9Y274,type 2,active,AN,WSY,
146,N-glycan_a-D-NeupNAc_38,N38,GT,P97325,minor (type 1> type2),active,AN,WSY,
147,N-glycan_a-D-NeupNAc_38,N38,GT,Q11203,minor (type 1> type2),active,AN,WSY,
148,N-glycan_a-D-NeupNAc_38,N38,GT,Q91Y74,type 2> type1,active,AN,WSY,
149,N-glycan_a-D-NeupNAc_38,N38,GT,Q11206,type 2> type1,active,AN,WSY,
150,N-glycan_a-D-NeupNAc_38,N38,GT,Q8VIB3,type 2,active,AN,WSY,
151,N-glycan_a-D-NeupNAc_38,N38,GT,Q9Y274,type 2,active,AN,WSY,
152,N-glycan_a-D-NeupNAc_16,N16,GT,P97325,minor (type 1> type2),active,AN,WSY,
153,N-glycan_a-D-NeupNAc_16,N16,GT,Q11203,minor (type 1> type2),active,AN,WSY,
154,N-glycan_a-D-NeupNAc_16,N16,GT,Q91Y74,type 2> type1,active,AN,WSY,
155,N-glycan_a-D-NeupNAc_16,N16,GT,Q11206,type 2> type1,active,AN,WSY,
156,N-glycan_a-D-NeupNAc_16,N16,GT,Q8VIB3,type 2,active,AN,WSY,
157,N-glycan_a-D-NeupNAc_16,N16,GT,Q9Y274,type 2,active,AN,WSY,
158,N-glycan_a-L-Fucp_18,N18,GT,P21217,Not in mouse,active,AN,WSY,
159,N-glycan_a-L-Fucp_18,N18,GT,Q11127,,active,AN,WSY,
160,N-glycan_a-L-Fucp_18,N18,GT,P22083,,active,AN,WSY,
161,N-glycan_a-L-Fucp_18,N18,GT,Q11128,Not in mouse,active,AN,WSY,
162,N-glycan_a-L-Fucp_18,N18,GT,P51993,Not in mouse,active,AN,WSY,
163,N-glycan_a-L-Fucp_18,N18,GT,O88819,,active,AN,WSY,
164,N-glycan_a-L-Fucp_18,N18,GT,Q9Y231,,active,AN,WSY,
165,N-glycan_a-L-Fucp_41,N41,GT,Q5F2L2,??? May GT to GlcNAc with out attached B4Gal residue,active,AN,WSY,
166,N-glycan_a-L-Fucp_41,N41,GT,Q6P4F1,??? May GT to GlcNAc with out attached B4Gal residue,active,AN,WSY,
167,N-glycan_a-L-Fucp_41,N41,GT,Q8BHC9,???,active,AN,WSY,
168,N-glycan_a-L-Fucp_41,N41,GT,Q495W5,???,active,AN,WSY,
169,N-glycan_a-D-NeupNAc_35,N35,GT,Q64685,Prefers a3 manose arm over a6,active,AN,WSY,
170,N-glycan_a-D-NeupNAc_35,N35,GT,P15907,Prefers a3 manose arm over a6,active,AN,WSY,
171,N-glycan_a-D-NeupNAc_35,N35,GT,Q76K27,,active,AN,WSY,
172,N-glycan_a-D-NeupNAc_35,N35,GT,Q96JF0,,active,AN,WSY,
173,N-glycan_b-D-GlcpNAc_11,N11,GT,Q10470,,active,AN,WSY,
174,N-glycan_b-D-GlcpNAc_11,N11,GT,Q09327,,active,AN,WSY,
175,N-glycan_a-D-NeupNGc_47,N47,GT,Q64685,Prefers a3 mannose arm over a6 - mouse enzyme utilized CMP-NeuGc 7x faster and CMP-NeuAc in vitro (Hamamoto et al 1995) - unknown preference by human enzyme - low amt of NeuGc in Human glycans as it can't be synthesized by comes from external sources,active,AN,WSY,
176,N-glycan_a-D-NeupNGc_47,N47,GT,P15907,Prefers a3 mannose arm over a6 - mouse enzyme utilized CMP-NeuGc 7x faster and CMP-NeuAc in vitro (Hamamoto et al 1995) - unknown preference by human enzyme - low amt of NeuGc in Human glycans as it can't be synthesized by comes from external sources,active,AN,WSY,
177,N-glycan_a-D-NeupNGc_47,N47,GT,Q76K27,,active,AN,WSY,
178,N-glycan_a-D-NeupNGc_47,N47,GT,Q96JF0,,active,AN,WSY,
179,N-glycan_a-D-NeupNGc_48,N48,GT,Q64685,Prefers a3 mannose arm over a6-  mouse enzyme utilized CMP-NeuGc 7x faster and CMP-NeuAc in vitro (Hamamoto et al 1995) unknown preference by human enzyme - low amt of NeuGc in Human glycans as it can't be synthesized by comes from external sources,active,AN,WSY,
180,N-glycan_a-D-NeupNGc_48,N48,GT,P15907,Prefers a3 mannose arm over a6-  mouse enzyme utilized CMP-NeuGc 7x faster and CMP-NeuAc in vitro (Hamamoto et al 1995) unknown preference by human enzyme - low amt of NeuGc in Human glycans as it can't be synthesized by comes from external sources,active,AN,WSY,
181,N-glycan_a-D-NeupNGc_48,N48,GT,Q76K27,,active,AN,WSY,
182,N-glycan_a-D-NeupNGc_48,N48,GT,Q96JF0,,active,AN,WSY,
183,N-glycan_a-D-NeupNGc_49,N49,GT,Q64685,Prefers a3 mannose arm over a6 - mouse enzyme utilized CMP-NeuGc 7x faster and CMP-NeuAc in vitro (Hamamoto et al 1995) unknown preference by human enzyme - low amt of NeuGc in Human glycans as it can't be synthesized by comes from external sources,active,AN,WSY,
184,N-glycan_a-D-NeupNGc_49,N49,GT,P15907,Prefers a3 mannose arm over a6 - mouse enzyme utilized CMP-NeuGc 7x faster and CMP-NeuAc in vitro (Hamamoto et al 1995) unknown preference by human enzyme - low amt of NeuGc in Human glycans as it can't be synthesized by comes from external sources,active,AN,WSY,
185,N-glycan_a-D-NeupNGc_49,N49,GT,Q76K27,,active,AN,WSY,
186,N-glycan_a-D-NeupNGc_49,N49,GT,Q96JF0,,active,AN,WSY,
187,N-glycan_a-D-Galp_50,N50,GT,P38649,The minimal acceptor for ABO is an H-disaccharide (aFuc1-2bGal) so stuctures containing a-Gal N50 but missing a-Fuc N54 are potentially catabolic products,active,AN,WSY,NE
188,N-glycan_a-D-Galp_50,N50,GT,P16442,The minimal acceptor for ABO is an H-disaccharide (aFuc1-2bGal) so stuctures containing a-Gal N50 but missing a-Fuc N54 are potentially catabolic products,active,AN,WSY,NE
189,N-glycan_b-D-GlcpNAc_31,N31,GT,Q9D306,putative acivity,active,AN,WSY,
190,N-glycan_b-D-GlcpNAc_31,N31,GT,Q9UBM8,putative acivity,active,AN,WSY,
191,N-glycan_a-D-Galp_39,N39,GT,P38649,The minimal acceptor for ABO is an H-disaccharide (aFuc1-2bGal) so stuctures containing a-Gal N39 but missing a-Fuc N71 are potentially catabolic products,active,AN,WSY,NE
192,N-glycan_a-D-Galp_39,N39,GT,P16442,The minimal acceptor for ABO is an H-disaccharide (aFuc1-2bGal) so stuctures containing a-Gal N39 but missing a-Fuc N71 are potentially catabolic products,active,AN,WSY,NE
193,N-glycan_a-D-Galp_51,N51,GT,P38649,The minimal acceptor for ABO is an H-disaccharide (aFuc1-2bGal) so stuctures containing a-Gal N51 but missing a-Fuc N200 are potentially catabolic products,active,AN,WSY,NE
194,N-glycan_a-D-Galp_51,N51,GT,P16442,The minimal acceptor for ABO is an H-disaccharide (aFuc1-2bGal) so stuctures containing a-Gal N51 but missing a-Fuc N200 are potentially catabolic products,active,AN,WSY,NE
195,N-glycan_b-D-Galp_32,N32,GT,P15535,These enzymes will GT to B1-4 linked GlcNAc on the a3 arm mannose but b4 GlcNAc on the a6 arm (#31) is putative,active,AN,WSY,
196,N-glycan_b-D-Galp_32,N32,GT,P15291,These enzymes will GT to B1-4 linked GlcNAc on the a3 arm mannose but b4 GlcNAc on the a6 arm (#31) is putative,active,AN,WSY,
197,N-glycan_b-D-Galp_32,N32,GT,Q9Z2Y2,,active,AN,WSY,
198,N-glycan_b-D-Galp_32,N32,GT,O60909,,active,AN,WSY,
199,N-glycan_b-D-Galp_32,N32,GT,Q91YY2,,active,AN,WSY,
200,N-glycan_b-D-Galp_32,N32,GT,O60512,,active,AN,WSY,
201,N-glycan_a-L-Fucp_42,N42,GT,O88819,Prefers Non-SO4 & Non-SA - little to no act on 3O SO4 or SA,active,AN,WSY,
202,N-glycan_a-L-Fucp_42,N42,GT,Q9Y231,Prefers Non-SO4 & Non-SA - little to no act on 3O SO4 or SA,active,AN,WSY,
203,N-glycan_a-L-Fucp_42,N42,GT,Q11127,Equal preference` for 3O sulf and Non-SO4 and Non-SA Type 1 and 2 - Little act on Sial,active,AN,WSY,
204,N-glycan_a-L-Fucp_42,N42,GT,P22083,Equal preference` for 3O sulf and Non-SO4 and Non-SA Type 1 and 2 - Little act on Sial,active,AN,WSY,
205,N-glycan_a-L-Fucp_42,N42,GT,P21217,Pref 3O sulf Type I and 2> Non-SO4 & Non-SA> Sial Type 1 & 2,active,AN,WSY,
206,N-glycan_a-L-Fucp_42,N42,GT,Q11128,Pref 3O sulf Type I and 2> Sial Type 1&2>Non-SO4 & Non-SA,active,AN,WSY,
207,N-glycan_a-L-Fucp_42,N42,GT,P51993,Pref 3O sulf Type I and 2> Sial Type 1&2>Non-SO4 & Non-SA,active,AN,WSY,
208,N-glycan_a-L-Fucp_43,N43,GT,O88819,Prefers Non-SO4 & Non-SA - little to no act on 3O SO4 or SA,active,AN,WSY,
209,N-glycan_a-L-Fucp_43,N43,GT,Q9Y231,Prefers Non-SO4 & Non-SA - little to no act on 3O SO4 or SA,active,AN,WSY,
210,N-glycan_a-L-Fucp_43,N43,GT,Q11127,Equal preference for 3O sulf and Non-SO4 and Non-SA Type 1 and 2 - Little act on Sial,active,AN,WSY,
211,N-glycan_a-L-Fucp_43,N43,GT,P22083,Equal preference for 3O sulf and Non-SO4 and Non-SA Type 1 and 2 - Little act on Sial,active,AN,WSY,
212,N-glycan_a-L-Fucp_43,N43,GT,P21217,Pref 3O sulf Type I and 2> Non-SO4 & Non-SA> Sial Type 1 & 2,active,AN,WSY,
213,N-glycan_a-L-Fucp_43,N43,GT,Q11128,Pref 3O sulf Type I and 2> Sial Type 1&2>Non-SO4 & Non-SA,active,AN,WSY,
214,N-glycan_a-L-Fucp_43,N43,GT,P51993,Pref 3O sulf Type I and 2> Sial Type 1&2>Non-SO4 & Non-SA,active,AN,WSY,
215,N-glycan_b-D-Galp_44,N44,GT,O54905,,active,AN,WSY,
216,N-glycan_b-D-Galp_44,N44,GT,O43825,,active,AN,WSY,
217,N-glycan_b-D-Galp_44,N44,GT,Q9JI67,,active,AN,WSY,
218,N-glycan_b-D-Galp_44,N44,GT,Q9Y2C3,,active,AN,WSY,
219,N-glycan_a-D-NeupNAc_46,N46,GT,P97325,minor (type 1> type2),active,AN,WSY,
220,N-glycan_a-D-NeupNAc_46,N46,GT,Q11203,minor (type 1> type2),active,AN,WSY,
221,N-glycan_a-D-NeupNAc_46,N46,GT,Q91Y74,type 2> type1,active,AN,WSY,
222,N-glycan_a-D-NeupNAc_46,N46,GT,Q11206,type 2> type1,active,AN,WSY,
223,N-glycan_a-D-NeupNAc_46,N46,GT,Q8VIB3,type 2,active,AN,WSY,
224,N-glycan_a-D-NeupNAc_46,N46,GT,Q9Y274,type 2,active,AN,WSY,
225,N-glycan_a-D-Galp_52,N52,GT,P38649,The minimal acceptor for ABO is an H-disaccharide (aFuc1-2bGal) so stuctures containing a-Gal N52 but missing a-Fuc N53 are potentially catabolic products,active,AN,WSY,NE
226,N-glycan_a-D-Galp_52,N52,GT,P16442,The minimal acceptor for ABO is an H-disaccharide (aFuc1-2bGal) so stuctures containing a-Gal N52 but missing a-Fuc N53 are potentially catabolic products,active,AN,WSY,NE
227,N-glycan_a-L-Fucp_53,N53,GT,O09160,,active,AN,WSY,
228,N-glycan_a-L-Fucp_53,N53,GT,P19526,,active,AN,WSY,
229,N-glycan_a-L-Fucp_53,N53,GT,Q9JL27,,active,AN,WSY,
230,N-glycan_a-L-Fucp_53,N53,GT,Q10981,,active,AN,WSY,
231,N-glycan_a-L-Fucp_53,N53,GT,P97353,not in human,active,AN,WSY,
232,N-glycan_a-L-Fucp_54,N54,GT,O09160,,active,AN,WSY,
233,N-glycan_a-L-Fucp_54,N54,GT,P19526,,active,AN,WSY,
234,N-glycan_a-L-Fucp_54,N54,GT,Q9JL27,,active,AN,WSY,
235,N-glycan_a-L-Fucp_54,N54,GT,Q10981,,active,AN,WSY,
236,N-glycan_a-L-Fucp_54,N54,GT,P97353,not in human,active,AN,WSY,
237,N-glycan_a-D-NeupNGc_55,N55,GT,P97325,minor (type 1> type2),active,AN,WSY,
238,N-glycan_a-D-NeupNGc_55,N55,GT,Q11203,minor (type 1> type2),active,AN,WSY,
239,N-glycan_a-D-NeupNGc_55,N55,GT,Q91Y74,type 2> type1,active,AN,WSY,
240,N-glycan_a-D-NeupNGc_55,N55,GT,Q11206,type 2> type1,active,AN,WSY,
241,N-glycan_a-D-NeupNGc_55,N55,GT,Q8VIB3,type 2,active,AN,WSY,
242,N-glycan_a-D-NeupNGc_55,N55,GT,Q9Y274,type 2,active,AN,WSY,
243,N-glycan_a-D-NeupNGc_56,N56,GT,P97325,minor (type 1> type2),active,AN,WSY,
244,N-glycan_a-D-NeupNGc_56,N56,GT,Q11203,minor (type 1> type2),active,AN,WSY,
245,N-glycan_a-D-NeupNGc_56,N56,GT,Q91Y74,type 2> type1,active,AN,WSY,
246,N-glycan_a-D-NeupNGc_56,N56,GT,Q11206,type 2> type1,active,AN,WSY,
247,N-glycan_a-D-NeupNGc_56,N56,GT,Q8VIB3,type 2,active,AN,WSY,
248,N-glycan_a-D-NeupNGc_56,N56,GT,Q9Y274,type 2,active,AN,WSY,
249,N-glycan_a-D-NeupNGc_57,N57,GT,P97325,minor (type 1> type2),active,AN,WSY,
250,N-glycan_a-D-NeupNGc_57,N57,GT,Q11203,minor (type 1> type2),active,AN,WSY,
251,N-glycan_a-D-NeupNGc_57,N57,GT,Q91Y74,type 2> type1,active,AN,WSY,
252,N-glycan_a-D-NeupNGc_57,N57,GT,Q11206,type 2> type1,active,AN,WSY,
253,N-glycan_a-D-NeupNGc_57,N57,GT,Q8VIB3,type 2,active,AN,WSY,
254,N-glycan_a-D-NeupNGc_57,N57,GT,Q9Y274,type 2,active,AN,WSY,
255,N-glycan_b-D-Galp_63,N63,GT,P15535,,active,AN,WSY,
256,N-glycan_b-D-Galp_63,N63,GT,P15291,,active,AN,WSY,
257,N-glycan_b-D-Galp_63,N63,GT,Q9Z2Y2,,active,AN,WSY,
258,N-glycan_b-D-Galp_63,N63,GT,O60909,,active,AN,WSY,
259,N-glycan_b-D-Galp_63,N63,GT,Q91YY2,,active,AN,WSY,
260,N-glycan_b-D-Galp_63,N63,GT,O60512,,active,AN,WSY,
261,N-glycan_a-D-NeupNAc_58,N58,GT,P97325,minor (type 1> type2),active,AN,WSY,
262,N-glycan_a-D-NeupNAc_58,N58,GT,Q11203,minor (type 1> type2),active,AN,WSY,
263,N-glycan_a-D-NeupNAc_58,N58,GT,Q91Y74,type 2> type1,active,AN,WSY,
264,N-glycan_a-D-NeupNAc_58,N58,GT,Q11206,type 2> type1,active,AN,WSY,
265,N-glycan_a-D-NeupNAc_58,N58,GT,Q8VIB3,type 2,active,AN,WSY,
266,N-glycan_a-D-NeupNAc_58,N58,GT,Q9Y274,type 2,active,AN,WSY,
267,N-glycan_a-D-NeupNAc_61,N61,GT,P97325,minor (type 1> type2),active,AN,WSY,
268,N-glycan_a-D-NeupNAc_61,N61,GT,Q11203,minor (type 1> type2),active,AN,WSY,
269,N-glycan_a-D-NeupNAc_61,N61,GT,Q91Y74,type 2> type1,active,AN,WSY,
270,N-glycan_a-D-NeupNAc_61,N61,GT,Q11206,type 2> type1,active,AN,WSY,
271,N-glycan_a-D-NeupNAc_61,N61,GT,Q8VIB3,type 2,active,AN,WSY,
272,N-glycan_a-D-NeupNAc_61,N61,GT,Q9Y274,type 2,active,AN,WSY,
273,N-glycan_a-D-NeupNAc_64,N64,GT,P97325,minor (type 1> type2),active,AN,WSY,
274,N-glycan_a-D-NeupNAc_64,N64,GT,Q11203,minor (type 1> type2),active,AN,WSY,
275,N-glycan_a-D-NeupNAc_64,N64,GT,Q91Y74,type 2> type1,active,AN,WSY,
276,N-glycan_a-D-NeupNAc_64,N64,GT,Q11206,type 2> type1,active,AN,WSY,
277,N-glycan_a-D-NeupNAc_64,N64,GT,Q8VIB3,type 2,active,AN,WSY,
278,N-glycan_a-D-NeupNAc_64,N64,GT,Q9Y274,type 2,active,AN,WSY,
279,N-glycan_b-D-GalpNAc_29,N29,GT,Q6L8S8,,active,AN,WSY,
280,N-glycan_b-D-GalpNAc_29,N29,GT,Q6L9W6,,active,AN,WSY,
281,N-glycan_b-D-GalpNAc_29,N29,GT,Q766D5,,active,AN,WSY,
282,N-glycan_b-D-GalpNAc_29,N29,GT,Q76KP1,,active,AN,WSY,
283,N-glycan_b-D-GalpNAc_30,N30,GT,Q6L8S8,,active,AN,WSY,
284,N-glycan_b-D-GalpNAc_30,N30,GT,Q6L9W6,,active,AN,WSY,
285,N-glycan_b-D-GalpNAc_30,N30,GT,Q766D5,,active,AN,WSY,
286,N-glycan_b-D-GalpNAc_30,N30,GT,Q76KP1,,active,AN,WSY,
287,N-glycan_a-D-NeupNAc_73,N73,GT,P97325,minor (type 1> type2),active,AN,WSY,
288,N-glycan_a-D-NeupNAc_73,N73,GT,Q11203,minor (type 1> type2),active,AN,WSY,
289,N-glycan_a-D-NeupNAc_73,N73,GT,Q91Y74,type 2> type1,active,AN,WSY,
290,N-glycan_a-D-NeupNAc_73,N73,GT,Q11206,type 2> type1,active,AN,WSY,
291,N-glycan_a-D-NeupNAc_73,N73,GT,Q8VIB3,type 2,active,AN,WSY,
292,N-glycan_a-D-NeupNAc_73,N73,GT,Q9Y274,type 2,active,AN,WSY,
293,N-glycan_a-D-NeupNAc_101,N101,GT,P97325,minor (type 1> type2),active,AN,WSY,
294,N-glycan_a-D-NeupNAc_101,N101,GT,Q11203,minor (type 1> type2),active,AN,WSY,
295,N-glycan_a-D-NeupNAc_101,N101,GT,Q91Y74,type 2> type1,active,AN,WSY,
296,N-glycan_a-D-NeupNAc_101,N101,GT,Q11206,type 2> type1,active,AN,WSY,
297,N-glycan_a-D-NeupNAc_101,N101,GT,Q8VIB3,type 2,active,AN,WSY,
298,N-glycan_a-D-NeupNAc_101,N101,GT,Q9Y274,type 2,active,AN,WSY,
299,N-glycan_b-D-Galp_86,N86,GT,O54905,,active,AN,WSY,
300,N-glycan_b-D-Galp_86,N86,GT,O43825,,active,AN,WSY,
301,N-glycan_b-D-Galp_86,N86,GT,Q9JI67,,active,AN,WSY,
302,N-glycan_b-D-Galp_86,N86,GT,Q9Y2C3,,active,AN,WSY,
303,N-glycan_core_D-GlcNAc_A,NA,GT,P42867,,active,AN,WSY,
304,N-glycan_core_D-GlcNAc_A,NA,GT,Q9H3H5,,active,AN,WSY,
305,N-glycan_a-L-Fucp_71,N71,GT,O09160,,active,AN,WSY,
306,N-glycan_a-L-Fucp_71,N71,GT,P19526,,active,AN,WSY,
307,N-glycan_a-L-Fucp_71,N71,GT,Q9JL27,,active,AN,WSY,
308,N-glycan_a-L-Fucp_71,N71,GT,Q10981,,active,AN,WSY,
309,N-glycan_a-L-Fucp_71,N71,GT,P97353,not in human,active,AN,WSY,
310,N-glycan_b-D-GlcpNAc_65,N65,GT,Q9Z222,major,active,AN,WSY,
311,N-glycan_b-D-GlcpNAc_65,N65,GT,Q9NY97,major,active,AN,WSY,
312,N-glycan_b-D-GlcpNAc_65,N65,GT,Q1RLK6,minor,active,AN,WSY,
313,N-glycan_b-D-GlcpNAc_65,N65,GT,Q9C0J1,minor,active,AN,WSY,
314,N-glycan_b-D-GlcpNAc_65,N65,GT,Q8R3I9,,active,AN,WSY,
315,N-glycan_b-D-GlcpNAc_65,N65,GT,Q7Z7M8,,active,AN,WSY,
316,N-glycan_b-D-Galp_66,N66,GT,P15535,,active,AN,WSY,
317,N-glycan_b-D-Galp_66,N66,GT,P15291,,active,AN,WSY,
318,N-glycan_b-D-Galp_66,N66,GT,Q9Z2Y2,,active,AN,WSY,
319,N-glycan_b-D-Galp_66,N66,GT,O60909,,active,AN,WSY,
320,N-glycan_b-D-Galp_66,N66,GT,Q91YY2,,active,AN,WSY,
321,N-glycan_b-D-Galp_66,N66,GT,O60512,,active,AN,WSY,
322,N-glycan_b-D-GlcpNAc_67,N67,GT,Q9Z222,major,active,AN,WSY,
323,N-glycan_b-D-GlcpNAc_67,N67,GT,Q9NY97,major,active,AN,WSY,
324,N-glycan_b-D-GlcpNAc_67,N67,GT,Q1RLK6,minor,active,AN,WSY,
325,N-glycan_b-D-GlcpNAc_67,N67,GT,Q9C0J1,minor,active,AN,WSY,
326,N-glycan_b-D-GlcpNAc_67,N67,GT,Q8R3I9,,active,AN,WSY,
327,N-glycan_b-D-GlcpNAc_67,N67,GT,Q7Z7M8,,active,AN,WSY,
328,N-glycan_b-D-Galp_68,N68,GT,P15535,,active,AN,WSY,
329,N-glycan_b-D-Galp_68,N68,GT,P15291,,active,AN,WSY,
330,N-glycan_b-D-Galp_68,N68,GT,Q9Z2Y2,,active,AN,WSY,
331,N-glycan_b-D-Galp_68,N68,GT,O60909,,active,AN,WSY,
332,N-glycan_b-D-Galp_68,N68,GT,Q91YY2,,active,AN,WSY,
333,N-glycan_b-D-Galp_68,N68,GT,O60512,,active,AN,WSY,
334,N-glycan_a-D-NeupNAc_69,N69,GT,Q64685,major,active,AN,WSY,
335,N-glycan_a-D-NeupNAc_69,N69,GT,P15907,major,active,AN,WSY,
336,N-glycan_a-D-NeupNAc_69,N69,GT,Q76K27,minor,active,AN,WSY,
337,N-glycan_a-D-NeupNAc_69,N69,GT,Q96JF0,minor,active,AN,WSY,
338,N-glycan_a-D-NeupNAc_70,N70,GT,Q64685,major,active,AN,WSY,
339,N-glycan_a-D-NeupNAc_70,N70,GT,P15907,major,active,AN,WSY,
340,N-glycan_a-D-NeupNAc_70,N70,GT,Q76K27,minor,active,AN,WSY,
341,N-glycan_a-D-NeupNAc_70,N70,GT,Q96JF0,minor,active,AN,WSY,
342,N-glycan_b-D-GalpNAc_72,N72,GT,Q6L8S8,,active,AN,WSY,
343,N-glycan_b-D-GalpNAc_72,N72,GT,Q6L9W6,,active,AN,WSY,
344,N-glycan_b-D-GalpNAc_72,N72,GT,Q766D5,,active,AN,WSY,
345,N-glycan_b-D-GalpNAc_72,N72,GT,Q76KP1,,active,AN,WSY,
346,N-glycan_b-D-GalpNAc_74,N74,GT,Q6L8S8,,active,AN,WSY,
347,N-glycan_b-D-GalpNAc_74,N74,GT,Q6L9W6,,active,AN,WSY,
348,N-glycan_b-D-GalpNAc_74,N74,GT,Q766D5,,active,AN,WSY,
349,N-glycan_b-D-GalpNAc_74,N74,GT,Q76KP1,,active,AN,WSY,
350,N-glycan_a-D-GalpNAc_97,N97,GT,P16442,The minimal acceptor for ABO is an H-disaccharide (aFuc1-2bGal) so stuctures containing a-GalNAc N97 but missing a-Fuc N53 are potentially catabolic products,active,NE,NE,
351,N-glycan_a-D-GalpNAc_97,N97,GT,P38649,The minimal acceptor for ABO is an H-disaccharide (aFuc1-2bGal) so stuctures containing a-GalNAc N97 but missing a-Fuc N53 are potentially catabolic products,active,NE,NE,
352,N-glycan_a-D-GalpNAc_104,N104,GT,P16442,The minimal acceptor for ABO is an H-disaccharide (aFuc1-2bGal) so stuctures containing a-GalNAc N104 but missing a-Fuc N54 are potentially catabolic products,active,NE,NE,
353,N-glycan_a-D-GalpNAc_104,N104,GT,P38649,The minimal acceptor for ABO is an H-disaccharide (aFuc1-2bGal) so stuctures containing a-GalNAc N104 but missing a-Fuc N54 are potentially catabolic products,active,NE,NE,
354,N-glycan_a-D-GalpNAc_527,N527,GT,P16442,The minimal acceptor for ABO is an H-disaccharide (aFuc1-2bGal) so stuctures containing a-GalNAc N527 but missing a-Fuc N71 are potentially catabolic products,active,NE,NE,
355,N-glycan_a-D-GalpNAc_527,N527,GT,P38649,The minimal acceptor for ABO is an H-disaccharide (aFuc1-2bGal) so stuctures containing a-GalNAc N527 but missing a-Fuc N71 are potentially catabolic products,active,NE,NE,
356,N-glycan_a-D-GalpNAc_528,N528,GT,P16442,The minimal acceptor for ABO is an H-disaccharide (aFuc1-2bGal) so stuctures containing a-GalNAc N528 but missing a-Fuc N200 are potentially catabolic products,active,NE,NE,
357,N-glycan_a-D-GalpNAc_528,N528,GT,P38649,The minimal acceptor for ABO is an H-disaccharide (aFuc1-2bGal) so stuctures containing a-GalNAc N528 but missing a-Fuc N200 are potentially catabolic products,active,NE,NE,
358,O-glycan_a-D-GalpNAc_C,OC,GT,Q10472,,active,NE,NE,
359,O-glycan_a-D-GalpNAc_C,OC,GT,O08912,,active,NE,NE,
360,O-glycan_b-D-Galp_152,O152,GT,Q9NS00,,active,NE,NE,
361,O-glycan_b-D-Galp_152,O152,GT,Q9JJ06,,active,NE,NE,
362,O-glycan_a-L-Fucp_154,O154,GT,O09160,,active,NE,NE,
363,O-glycan_a-L-Fucp_154,O154,GT,P97353,,active,NE,NE,
364,O-glycan_a-L-Fucp_154,O154,GT,Q9JL27,,active,NE,NE,
365,O-glycan_a-L-Fucp_154,O154,GT,P19526,,active,NE,NE,
366,O-glycan_a-L-Fucp_154,O154,GT,Q10981,,active,NE,NE,
367,O-glycan_a-D-GalpNAc_162,O162,GT,P38649,,active,NE,NE,
368,O-glycan_a-D-GalpNAc_162,O162,GT,P16442,,active,NE,NE,
369,O-glycan_a-D-Galp_532,O532,GT,P38649,,active,NE,NE,
370,O-glycan_a-D-Galp_532,O532,GT,P16442,,active,NE,NE,
371,O-glycan_a-D-NeupNAc_168,O168,GT,P54751,,active,NE,NE,
372,O-glycan_a-D-NeupNAc_168,O168,GT,Q11201,,active,NE,NE,
373,O-glycan_b-D-Galp_152,O152,GT,Q9JMG2,,active,NE,NE,
374,O-glycan_b-D-Galp_152,O152,GT,Q96EU7,,active,NE,NE,
375,O-glycan_a-D-NeupNAc_535,O535,GT,Q9QZ39,,active,NE,NE,
376,O-glycan_a-D-NeupNAc_535,O535,GT,P70277,,active,NE,NE,
377,O-glycan_a-D-NeupNAc_535,O535,GT,Q9WUV2,,active,NE,NE,
378,O-glycan_a-D-NeupNAc_535,O535,GT,Q9R2B6,,active,NE,NE,
379,O-glycan_a-D-NeupNAc_535,O535,GT,Q9QYJ1,,active,NE,NE,
380,O-glycan_a-D-NeupNAc_535,O535,GT,Q9JM95,,active,NE,NE,
381,O-glycan_a-D-NeupNAc_535,O535,GT,Q9UJ37,,active,NE,NE,
382,O-glycan_a-D-NeupNAc_535,O535,GT,Q8NDV1,,active,NE,NE,
383,O-glycan_a-D-NeupNAc_535,O535,GT,Q9H4F1,,active,NE,NE,
384,O-glycan_a-D-NeupNAc_535,O535,GT,Q9BVH7,,active,NE,NE,
385,O-glycan_a-D-NeupNAc_535,O535,GT,Q969X2,,active,NE,NE,
386,O-glycan_core_a-D-GalpNAc_C,OC,GT,Q6PB93,,active,NE,NE,
387,O-glycan_core_a-D-GalpNAc_C,OC,GT,Q10471,,active,NE,NE,
388,O-glycan_core_a-D-GalpNAc_C,OC,GT,P70419,,active,NE,NE,
389,O-glycan_core_a-D-GalpNAc_C,OC,GT,Q14435,,active,NE,NE,
390,O-glycan_core_a-D-GalpNAc_C,OC,GT,Q6P9S7,,active,NE,NE,
391,O-glycan_core_a-D-GalpNAc_C,OC,GT,Q86SR1,,active,NE,NE,
392,O-glycan_core_a-D-GalpNAc_C,OC,GT,Q921L8,,active,NE,NE,
393,O-glycan_core_a-D-GalpNAc_C,OC,GT,Q8NCW6,,active,NE,NE,
394,O-glycan_core_a-D-GalpNAc_C,OC,GT,Q8BGT9,,active,NE,NE,
395,O-glycan_core_a-D-GalpNAc_C,OC,GT,Q8IXK2,,active,NE,NE,
396,O-glycan_core_a-D-GalpNAc_C,OC,GT,Q8CF93,,active,NE,NE,
397,O-glycan_core_a-D-GalpNAc_C,OC,GT,Q8IUC8,,active,NE,NE,
398,O-glycan_core_a-D-GalpNAc_C,OC,GT,Q8BVG5,,active,NE,NE,
399,O-glycan_core_a-D-GalpNAc_C,OC,GT,Q96FL9,,active,NE,NE,
400,O-glycan_core_a-D-GalpNAc_C,OC,GT,Q9D2N8,,active,NE,NE,
401,O-glycan_core_a-D-GalpNAc_C,OC,GT,Q8N3T1,,active,NE,NE,
402,O-glycan_core_a-D-GalpNAc_C,OC,GT,Q9JJ61,,active,NE,NE,
403,O-glycan_core_a-D-GalpNAc_C,OC,GT,Q8N428,,active,NE,NE,
404,O-glycan_core_a-D-GalpNAc_C,OC,GT,Q7TT15,,active,NE,NE,
405,O-glycan_core_a-D-GalpNAc_C,OC,GT,Q6IS24,,active,NE,NE,
406,O-glycan_core_a-D-GalpNAc_C,OC,GT,Q8K1B9,,active,NE,NE,
407,O-glycan_core_a-D-GalpNAc_C,OC,GT,Q6P9A2,,active,NE,NE,
408,O-glycan_core_a-D-GalpNAc_C,OC,GT,O08832,,active,NE,NE,
409,O-glycan_core_a-D-GalpNAc_C,OC,GT,Q8N4A0,,active,NE,NE,
410,O-glycan_core_a-D-GalpNAc_C,OC,GT,Q8C102,,active,NE,NE,
411,O-glycan_core_a-D-GalpNAc_C,OC,GT,Q7Z7M9,,active,NE,NE,
412,O-glycan_core_a-D-GalpNAc_C,OC,GT,Q8C7U7,,active,NE,NE,
413,O-glycan_core_a-D-GalpNAc_C,OC,GT,Q8NCL4,,active,NE,NE,
414,O-glycan_core_a-D-GalpNAc_C,OC,GT,Q80VA0,,active,NE,NE,
415,O-glycan_core_a-D-GalpNAc_C,OC,GT,Q86SF2,,active,NE,NE,
416,O-glycan_core_a-D-GalpNAc_C,OC,GT,G3X942,,active,NE,NE,
417,O-glycan_core_a-D-GalpNAc_C,OC,GT,Q9HCQ5,,active,NE,NE,
418,O-glycan_core_a-D-GalpNAc_C,OC,GT,Q9D4M9,,active,NE,NE,
419,O-glycan_core_a-D-GalpNAc_C,OC,GT,Q7Z4T8,,active,NE,NE,
420,O-glycan_core_a-D-GalpNAc_C,OC,GT,E5D8G1,,active,NE,NE,
421,O-glycan_core_a-D-GalpNAc_C,OC,GT,Q49A17,,active,NE,NE,
422,O-glycan_a-D-GlcpNAc_537,O537,GT,Q14BT6,,active,NE,NE,
423,O-glycan_a-D-GlcpNAc_537,O537,GT,Q9UNA3,,active,NE,NE,
424,O-glycan_b-D-GlcpNAc_153,O153,GT,Q5JCS9,,active,NE,NE,
425,O-glycan_b-D-GlcpNAc_153,O153,GT,Q9Y2A9,,active,NE,NE,
426,O-glycan_b-D-GlcpNAc_538,O538,GT,Q09324,,active,NE,NE,
427,O-glycan_b-D-GlcpNAc_538,O538,GT,Q02742,,active,NE,NE,
428,O-glycan_b-D-GlcpNAc_538,O538,GT,P97402,,active,NE,NE,
429,O-glycan_b-D-GlcpNAc_538,O538,GT,Q8N0V5,,active,NE,NE,
430,O-glycan_b-D-GlcpNAc_538,O538,GT,Q5JCT0,,active,NE,NE,
431,O-glycan_b-D-GlcpNAc_538,O538,GT,O95395,,active,NE,NE,
434,O-glycan_b-D-GlcpNAc_157,O157,GT,P97402,,active,NE,NE,
435,O-glycan_b-D-GlcpNAc_157,O157,GT,Q8N0V5,,active,NE,NE,
436,O-glycan_b-D-GlcpNAc_157,O157,GT,Q5JCT0,,active,NE,NE,
437,O-glycan_b-D-GlcpNAc_157,O157,GT,O95395,,active,NE,NE,
438,O-glycan_b-D-GlcpNAc_156,O156,GT,Q3USF0,,active,NE,NE,
439,O-glycan_b-D-GlcpNAc_156,O156,GT,Q6ZMB0,,active,NE,NE,
440,O-glycan_a-D-Galp_759,O759,GT,P23336,,active,NE,NE,
441,O-glycan_a-D-Galp_759,O759,GT,Q4G0N0,,active,NE,NE,
442,O-glycan_b-D-Galp_539,O539,GT,P15291,,active,NE,NE,
443,O-glycan_b-D-Galp_539,O539,GT,P15535,,active,NE,NE,
444,O-glycan_b-D-Galp_539,O539,GT,O60909,,active,NE,NE,
445,O-glycan_b-D-Galp_539,O539,GT,Q9Z2Y2,,active,NE,NE,
446,O-glycan_b-D-GlcpNAc_577,O577,GT,Q9Z222,,active,NE,NE,
447,O-glycan_b-D-GlcpNAc_577,O577,GT,Q9NY97,,active,NE,NE,
448,O-glycan_b-D-GlcpNAc_577,O577,GT,Q1RLK6,,active,NE,NE,
449,O-glycan_b-D-GlcpNAc_577,O577,GT,Q9C0J1,,active,NE,NE,
450,O-glycan_b-D-GlcpNAc_577,O577,GT,Q8R3I9,,active,NE,NE,
451,O-glycan_b-D-GlcpNAc_577,O577,GT,Q7Z7M8,,active,NE,NE,
454,O-glycan_b-D-GlcpNAc_157,O157,GT,Q09324,,active,NE,NE,
455,O-glycan_b-D-GlcpNAc_157,O157,GT,Q02742,,active,NE,NE,
456,O-glycan_b-D-Galp_158,O158,GT,P15291,,active,NE,NE,
457,O-glycan_b-D-Galp_158,O158,GT,P15535,,active,NE,NE,
458,O-glycan_b-D-Galp_158,O158,GT,O60909,,active,NE,NE,
459,O-glycan_b-D-Galp_158,O158,GT,Q9Z2Y2,,active,NE,NE,
460,O-glycan_b-D-Galp_555,O555,GT,P15291,,active,NE,NE,
461,O-glycan_b-D-Galp_555,O555,GT,P15535,,active,NE,NE,
462,O-glycan_b-D-Galp_555,O555,GT,O60909,,active,NE,NE,
463,O-glycan_b-D-Galp_555,O555,GT,Q9Z2Y2,,active,NE,NE,
464,O-glycan_b-D-GlcpNAc_672,O672,GT,Q5JCS9,,active,NE,NE,
465,O-glycan_b-D-GlcpNAc_672,O672,GT,Q9Y2A9,,active,NE,NE,
466,O-glycan_a-L-Fucp_167,O167,GT,P19526,,active,NE,NE,
467,O-glycan_a-L-Fucp_167,O167,GT,O09160,,active,NE,NE,
468,O-glycan_a-L-Fucp_167,O167,GT,Q9JL27,,active,NE,NE,
469,O-glycan_a-L-Fucp_167,O167,GT,Q10981,,active,NE,NE,
470,O-glycan_a-L-Fucp_167,O167,GT,P97353,,active,NE,NE,
471,O-glycan_a-D-NeupNAc_159,O159,GT,P54751,,active,NE,NE,
472,O-glycan_a-D-NeupNAc_159,O159,GT,Q11201,,active,NE,NE,
473,O-glycan_a-D-GlcpNAc_613,O613,GT,Q14BT6,,active,NE,NE,
474,O-glycan_a-D-GlcpNAc_613,O613,GT,Q9UNA3,,active,NE,NE,
475,O-glycan_b-D-Galp_644,O644,GT,P15291,,active,NE,NE,
476,O-glycan_b-D-Galp_644,O644,GT,P15535,,active,NE,NE,
477,O-glycan_b-D-Galp_644,O644,GT,O60909,,active,NE,NE,
478,O-glycan_b-D-Galp_644,O644,GT,Q9Z2Y2,,active,NE,NE,
479,O-glycan_b-D-GalpNAc_581,O581,GT,Q6L9W6,,active,NE,NE,
480,O-glycan_b-D-GalpNAc_581,O581,GT,Q6L8S8,,active,NE,NE,
481,O-glycan_b-D-GalpNAc_581,O581,GT,Q76KP1,,active,NE,NE,
482,O-glycan_b-D-GalpNAc_581,O581,GT,Q766D5,,active,NE,NE,
483,O-glycan_a-L-Fucp_548,O548,GT,Q5F2L2,,active,NE,NE,
484,O-glycan_a-L-Fucp_548,O548,GT,Q6P4F1,,active,NE,NE,
485,O-glycan_a-L-Fucp_548,O548,GT,Q8BHC9,,active,NE,NE,
486,O-glycan_a-L-Fucp_548,O548,GT,Q495W5,,active,NE,NE,
487,O-glycan_a-L-Fucp_548,O548,GT,Q11127,,active,NE,NE,
488,O-glycan_a-L-Fucp_548,O548,GT,P22083,,active,NE,NE,
489,O-glycan_a-L-Fucp_548,O548,GT,Q9Y231,,active,NE,NE,
490,O-glycan_a-L-Fucp_548,O548,GT,O88819,,active,NE,NE,
491,O-glycan_a-D-NeupNAc_760,O760,GT,Q9QZ39,,active,NE,NE,
492,O-glycan_a-D-NeupNAc_760,O760,GT,P70277,,active,NE,NE,
493,O-glycan_a-D-NeupNAc_760,O760,GT,Q9UJ37,,active,NE,NE,
494,O-glycan_a-D-NeupNAc_760,O760,GT,Q9WUV2,,active,NE,NE,
495,O-glycan_a-D-NeupNAc_760,O760,GT,Q8NDV1,,active,NE,NE,
496,O-glycan_a-D-NeupNAc_760,O760,GT,Q9R2B6,,active,NE,NE,
497,O-glycan_a-D-NeupNAc_760,O760,GT,Q9H4F1,,active,NE,NE,
498,O-glycan_a-D-NeupNAc_760,O760,GT,Q9QYJ1,,active,NE,NE,
499,O-glycan_a-D-NeupNAc_760,O760,GT,Q9BVH7,,active,NE,NE,
500,O-glycan_a-D-NeupNAc_760,O760,GT,Q9JM95,,active,NE,NE,
501,O-glycan_a-D-NeupNAc_760,O760,GT,Q969X2,,active,NE,NE,
502,O-glycan_a-D-NeupNAc_761,O761,GT,P54751,,active,NE,NE,
503,O-glycan_a-D-NeupNAc_761,O761,GT,Q11201,,active,NE,NE,
504,O-glycan_a-D-NeupNAc_761,O761,GT,Q11204,,active,NE,NE,
505,O-glycan_a-D-NeupNAc_761,O761,GT,Q16842,,active,NE,NE,
506,O-glycan_a-D-NeupNAc_761,O761,GT,Q11203,,active,NE,NE,
507,O-glycan_a-D-NeupNAc_761,O761,GT,P97325,,active,NE,NE,
508,O-glycan_a-D-NeupNAc_761,O761,GT,Q11206,,active,NE,NE,
509,O-glycan_a-D-NeupNAc_761,O761,GT,Q91Y74,,active,NE,NE,
510,O-glycan_a-D-NeupNAc_761,O761,GT,O88829,,active,NE,NE,
511,O-glycan_a-D-NeupNAc_761,O761,GT,Q9UNP4,,active,NE,NE,
512,O-glycan_a-D-NeupNAc_761,O761,GT,Q8VIB3,,active,NE,NE,
513,O-glycan_a-D-NeupNAc_761,O761,GT,Q9Y274,,active,NE,NE,
514,O-glycan_b-D-GalpNAc_762,O762,GT,Q6L9W6,,active,NE,NE,
515,O-glycan_b-D-GalpNAc_762,O762,GT,Q6L8S8,,active,NE,NE,
516,O-glycan_b-D-GalpNAc_762,O762,GT,Q76KP1,,active,NE,NE,
517,O-glycan_b-D-GalpNAc_762,O762,GT,Q766D5,,active,NE,NE,
518,O-glycan_b-D-Galp_158,O158,GT,Q91YY2,,active,NE,NE,
519,O-glycan_b-D-Galp_158,O158,GT,O60512,,active,NE,NE,
520,O-glycan_b-D-Galp_158,O158,GT,Q9JJ04,,active,NE,NE,
521,O-glycan_b-D-Galp_158,O158,GT,O60513,,active,NE,NE,
522,O-glycan_b-D-Galp_158,O158,GT,Q9JMK0,,active,NE,NE,
523,O-glycan_b-D-Galp_158,O158,GT,O43286,,active,NE,NE,
524,O-glycan_b-D-Galp_544,O544,GT,O43825,,active,NE,NE,
525,O-glycan_b-D-Galp_544,O544,GT,O54905,,active,NE,NE,
526,O-glycan_b-D-Galp_544,O544,GT,Q9Y2C3,,active,NE,NE,
527,O-glycan_b-D-Galp_544,O544,GT,Q9JI67,,active,NE,NE,
530,O-glycan_b-D-Galp_544,O544,GT,O54904,,active,NE,NE,
531,O-glycan_b-D-Galp_544,O544,GT,Q9Y5Z6,,active,NE,NE,
532,O-glycan_b-D-Galp_544,O544,GT,Q9Z0F0,,active,NE,NE,
533,O-glycan_b-D-Galp_544,O544,GT,O96024,,active,NE,NE,
536,O-glycan_b-D-Galp_540,O540,GT,O54904,,active,NE,NE,
537,O-glycan_b-D-Galp_540,O540,GT,Q9Y5Z6,,active,NE,NE,
538,O-glycan_b-D-Galp_540,O540,GT,O43825,,active,NE,NE,
539,O-glycan_b-D-Galp_540,O540,GT,O54905,,active,NE,NE,
540,O-glycan_b-D-Galp_540,O540,GT,Q9Z0F0,,active,NE,NE,
541,O-glycan_b-D-Galp_540,O540,GT,O96024,,active,NE,NE,
542,O-glycan_b-D-Galp_540,O540,GT,Q9Y2C3,,active,NE,NE,
543,O-glycan_b-D-Galp_540,O540,GT,Q9JI67,,active,NE,NE,
544,O-glycan_a-D-NeupNAc_590,O590,GT,P54751,,active,NE,NE,
545,O-glycan_a-D-NeupNAc_590,O590,GT,Q11201,,active,NE,NE,
546,O-glycan_a-D-NeupNAc_590,O590,GT,Q11204,,active,NE,NE,
547,O-glycan_a-D-NeupNAc_590,O590,GT,Q16842,,active,NE,NE,
548,O-glycan_a-D-NeupNAc_590,O590,GT,Q11203,,active,NE,NE,
549,O-glycan_a-D-NeupNAc_590,O590,GT,P97325,,active,NE,NE,
550,O-glycan_a-D-NeupNAc_590,O590,GT,Q11206,,active,NE,NE,
551,O-glycan_a-D-NeupNAc_590,O590,GT,Q91Y74,,active,NE,NE,
552,O-glycan_a-D-NeupNAc_590,O590,GT,O88829,,active,NE,NE,
553,O-glycan_a-D-NeupNAc_590,O590,GT,Q9UNP4,,active,NE,NE,
554,O-glycan_a-D-NeupNAc_590,O590,GT,Q8VIB3,,active,NE,NE,
555,O-glycan_a-D-NeupNAc_590,O590,GT,Q9Y274,,active,NE,NE,
556,O-glycan_a-D-NeupNAc_586,O586,GT,P54751,,active,NE,NE,
557,O-glycan_a-D-NeupNAc_586,O586,GT,Q11201,,active,NE,NE,
558,O-glycan_a-D-NeupNAc_586,O586,GT,Q11204,,active,NE,NE,
559,O-glycan_a-D-NeupNAc_586,O586,GT,Q16842,,active,NE,NE,
560,O-glycan_a-D-NeupNAc_586,O586,GT,Q11203,,active,NE,NE,
561,O-glycan_a-D-NeupNAc_586,O586,GT,P97325,,active,NE,NE,
562,O-glycan_a-D-NeupNAc_586,O586,GT,Q11206,,active,NE,NE,
563,O-glycan_a-D-NeupNAc_586,O586,GT,Q91Y74,,active,NE,NE,
564,O-glycan_a-D-NeupNAc_586,O586,GT,O88829,,active,NE,NE,
565,O-glycan_a-D-NeupNAc_586,O586,GT,Q9UNP4,,active,NE,NE,
566,O-glycan_a-D-NeupNAc_586,O586,GT,Q8VIB3,,active,NE,NE,
567,O-glycan_a-D-NeupNAc_586,O586,GT,Q9Y274,,active,NE,NE,
568,O-glycan_b-D-Galp_539,O539,GT,Q91YY2,,active,NE,NE,
569,O-glycan_b-D-Galp_539,O539,GT,O60512,,active,NE,NE,
570,O-glycan_b-D-Galp_539,O539,GT,Q9JJ04,,active,NE,NE,
571,O-glycan_b-D-Galp_539,O539,GT,O60513,,active,NE,NE,
572,O-glycan_b-D-Galp_539,O539,GT,Q9JMK0,,active,NE,NE,
573,O-glycan_b-D-Galp_539,O539,GT,O43286,,active,NE,NE,
574,O-glycan_a-D-NeupNAc_159,O159,GT,Q11204,,active,NE,NE,
575,O-glycan_a-D-NeupNAc_159,O159,GT,Q16842,,active,NE,NE,
576,O-glycan_a-D-NeupNAc_159,O159,GT,Q11203,,active,NE,NE,
577,O-glycan_a-D-NeupNAc_159,O159,GT,P97325,,active,NE,NE,
578,O-glycan_a-D-NeupNAc_159,O159,GT,Q11206,,active,NE,NE,
579,O-glycan_a-D-NeupNAc_159,O159,GT,Q91Y74,,active,NE,NE,
580,O-glycan_a-D-NeupNAc_159,O159,GT,O88829,,active,NE,NE,
581,O-glycan_a-D-NeupNAc_159,O159,GT,Q9UNP4,,active,NE,NE,
582,O-glycan_a-D-NeupNAc_159,O159,GT,Q8VIB3,,active,NE,NE,
583,O-glycan_a-D-NeupNAc_159,O159,GT,Q9Y274,,active,NE,NE,
584,O-glycan_b-D-GlcpNAc_582,O582,GT,Q9Z222,,active,NE,NE,
585,O-glycan_b-D-GlcpNAc_582,O582,GT,Q9NY97,,active,NE,NE,
586,O-glycan_b-D-GlcpNAc_582,O582,GT,Q1RLK6,,active,NE,NE,
587,O-glycan_b-D-GlcpNAc_582,O582,GT,Q9C0J1,,active,NE,NE,
588,O-glycan_b-D-GlcpNAc_582,O582,GT,Q8R3I9,,active,NE,NE,
589,O-glycan_b-D-GlcpNAc_582,O582,GT,Q7Z7M8,,active,NE,NE,
592,O-glycan_b-D-GlcpNAc_582,O582,GT,Q8BGY6,,active,NE,NE,
593,O-glycan_b-D-GlcpNAc_582,O582,GT,Q9BYG0,,active,NE,NE,
594,O-glycan_a-D-Galp_557,O557,GT,Q3V1N9,,active,NE,NE,
595,O-glycan_a-D-Galp_557,O557,GT,U3KPV4,,active,NE,NE,
596,O-glycan_a-D-Galp_557,O557,GT,P23336,,active,NE,NE,
597,O-glycan_a-D-Galp_557,O557,GT,Q4G0N0,,active,NE,NE,
598,O-glycan_a-D-NeupNAc_588,O588,GT,P15907,,active,NE,NE,
599,O-glycan_a-D-NeupNAc_588,O588,GT,Q64685,,active,NE,NE,
600,O-glycan_a-D-NeupNAc_588,O588,GT,Q96JF0,,active,NE,NE,
601,O-glycan_a-D-NeupNAc_588,O588,GT,Q76K27,,active,NE,NE,
602,O-glycan_a-D-Galp_570,O570,GT,Q3V1N9,,active,NE,NE,
603,O-glycan_a-D-Galp_570,O570,GT,U3KPV4,,active,NE,NE,
604,O-glycan_a-D-Galp_570,O570,GT,P23336,,active,NE,NE,
605,O-glycan_a-D-Galp_570,O570,GT,Q4G0N0,,active,NE,NE,
606,O-glycan_a-D-NeupNAc_580,O580,GT,P15907,,active,NE,NE,
607,O-glycan_a-D-NeupNAc_580,O580,GT,Q64685,,active,NE,NE,
608,O-glycan_a-D-NeupNAc_580,O580,GT,Q96JF0,,active,NE,NE,
609,O-glycan_a-D-NeupNAc_580,O580,GT,Q76K27,,active,NE,NE,
610,O-glycan_a-D-NeupNAc_587,O587,GT,P54751,,active,NE,NE,
611,O-glycan_a-D-NeupNAc_587,O587,GT,Q11201,,active,NE,NE,
612,O-glycan_a-D-NeupNAc_587,O587,GT,Q11204,,active,NE,NE,
613,O-glycan_a-D-NeupNAc_587,O587,GT,Q16842,,active,NE,NE,
614,O-glycan_a-D-NeupNAc_587,O587,GT,Q11203,,active,NE,NE,
615,O-glycan_a-D-NeupNAc_587,O587,GT,P97325,,active,NE,NE,
616,O-glycan_a-D-NeupNAc_587,O587,GT,Q11206,,active,NE,NE,
617,O-glycan_a-D-NeupNAc_587,O587,GT,Q91Y74,,active,NE,NE,
618,O-glycan_a-D-NeupNAc_587,O587,GT,O88829,,active,NE,NE,
619,O-glycan_a-D-NeupNAc_587,O587,GT,Q9UNP4,,active,NE,NE,
620,O-glycan_a-D-NeupNAc_587,O587,GT,Q8VIB3,,active,NE,NE,
621,O-glycan_a-D-NeupNAc_587,O587,GT,Q9Y274,,active,NE,NE,
622,O-glycan_b-D-GlcpNAc_577,O577,GT,Q8BGY6,,active,NE,NE,
623,O-glycan_b-D-GlcpNAc_577,O577,GT,Q9BYG0,,active,NE,NE,
624,O-glycan_b-D-GlcpNAc_578,O578,GT,Q5JCS9,,active,NE,NE,
625,O-glycan_b-D-GlcpNAc_578,O578,GT,Q9Y2A9,,active,NE,NE,
626,O-glycan_b-D-GlcpNAc_620,O620,GT,Q5JCS9,,active,NE,NE,
627,O-glycan_b-D-GlcpNAc_620,O620,GT,Q9Y2A9,,active,NE,NE,
628,O-glycan_a-L-Fucp_548,O548,GT,Q11131,,active,NE,NE,
629,O-glycan_a-L-Fucp_548,O548,GT,Q11130,,active,NE,NE,
630,O-glycan_b-D-GlcpNAc_673,O673,GT,Q09324,,active,NE,NE,
631,O-glycan_b-D-GlcpNAc_673,O673,GT,Q02742,,active,NE,NE,
632,O-glycan_b-D-GlcpNAc_673,O673,GT,P97402,,active,NE,NE,
633,O-glycan_b-D-GlcpNAc_673,O673,GT,Q8N0V5,,active,NE,NE,
634,O-glycan_b-D-GlcpNAc_673,O673,GT,Q5JCT0,,active,NE,NE,
635,O-glycan_b-D-GlcpNAc_673,O673,GT,O95395,,active,NE,NE,
636,O-glycan_b-D-Galp_731,O731,GT,P15291,,active,NE,NE,
637,O-glycan_b-D-Galp_731,O731,GT,P15535,,active,NE,NE,
638,O-glycan_b-D-Galp_731,O731,GT,O60909,,active,NE,NE,
639,O-glycan_b-D-Galp_731,O731,GT,Q9Z2Y2,,active,NE,NE,
640,O-glycan_b-D-Galp_746,O746,GT,P15291,,active,NE,NE,
641,O-glycan_b-D-Galp_746,O746,GT,P15535,,active,NE,NE,
642,O-glycan_b-D-Galp_746,O746,GT,O60909,,active,NE,NE,
643,O-glycan_b-D-Galp_746,O746,GT,Q9Z2Y2,,active,NE,NE,
644,O-glycan_b-D-GlcpNAc_645,O645,GT,Q09324,,active,NE,NE,
646,O-glycan_b-D-GlcpNAc_645,O645,GT,Q02742,,active,NE,NE,
648,O-glycan_b-D-GlcpNAc_645,O645,GT,P97402,,active,NE,NE,
650,O-glycan_b-D-GlcpNAc_645,O645,GT,Q8N0V5,,active,NE,NE,
652,O-glycan_b-D-GlcpNAc_645,O645,GT,Q5JCT0,,active,NE,NE,
654,O-glycan_b-D-GlcpNAc_645,O645,GT,O95395,,active,NE,NE,
656,O-glycan_b-D-Galp_675,O675,GT,P15291,,active,NE,NE,
657,O-glycan_b-D-Galp_675,O675,GT,P15535,,active,NE,NE,
658,O-glycan_b-D-Galp_675,O675,GT,O60909,,active,NE,NE,
659,O-glycan_b-D-Galp_675,O675,GT,Q9Z2Y2,,active,NE,NE,
660,O-glycan_a-D-NeupNAc_535,O535,GT,Q9NSC7,,active,NE,NE,
661,O-glycan_a-D-Galp_764,O764,GT,Q3V1N9,,active,NE,NE,
662,O-glycan_a-D-Galp_764,O764,GT,U3KPV4,,active,NE,NE,
663,O-glycan_a-D-Galp_763,O763,GT,Q3V1N9,,active,NE,NE,
664,O-glycan_a-D-Galp_763,O763,GT,U3KPV4,,active,NE,NE,
666,O-glycan_b-D-Galp_663,O663,GT,P15291,,active,AA,NE,
667,O-glycan_b-D-Galp_663,O663,GT,P15535,,active,AA,NE,
668,O-glycan_b-D-Galp_663,O663,GT,O60909,,active,AA,NE,
669,O-glycan_b-D-Galp_663,O663,GT,Q9Z2Y2,,active,AA,NE,
670,O-glycan_b-D-Galp_663,O663,GT,Q91YY2,,active,AA,NE,
671,O-glycan_b-D-Galp_663,O663,GT,O60512,,active,AA,NE,
672,O-glycan_b-D-Galp_663,O663,GT,Q9JJ04,,active,AA,NE,
673,O-glycan_b-D-Galp_663,O663,GT,O60513,,active,AA,NE,
674,O-glycan_b-D-Galp_663,O663,GT,Q9JMK0,,active,AA,NE,
675,O-glycan_b-D-Galp_663,O663,GT,O43286,,active,AA,NE,
676,O-glycan_a-L-Fucp_735,O735,GT,P19526,,active,AA,NE,
677,O-glycan_a-L-Fucp_735,O735,GT,O09160,,active,AA,NE,
678,O-glycan_a-L-Fucp_735,O735,GT,Q9JL27,,active,AA,NE,
679,O-glycan_a-L-Fucp_735,O735,GT,Q10981,,active,AA,NE,
680,O-glycan_a-L-Fucp_735,O735,GT,P97353,,active,AA,NE,
681,O-glycan_a-D-NeupNAc_704,O704,GT,P54751,,active,AA,NE,
682,O-glycan_a-D-NeupNAc_704,O704,GT,Q11201,,active,AA,NE,
683,O-glycan_a-D-NeupNAc_704,O704,GT,Q11204,,active,AA,NE,
684,O-glycan_a-D-NeupNAc_704,O704,GT,Q16842,,active,AA,NE,
685,O-glycan_a-D-NeupNAc_704,O704,GT,Q11203,,active,AA,NE,
686,O-glycan_a-D-NeupNAc_704,O704,GT,P97325,,active,AA,NE,
687,O-glycan_a-D-NeupNAc_704,O704,GT,Q11206,,active,AA,NE,
688,O-glycan_a-D-NeupNAc_704,O704,GT,Q91Y74,,active,AA,NE,
689,O-glycan_a-D-NeupNAc_704,O704,GT,O88829,,active,AA,NE,
690,O-glycan_a-D-NeupNAc_704,O704,GT,Q9UNP4,,active,AA,NE,
691,O-glycan_a-D-NeupNAc_704,O704,GT,Q8VIB3,,active,AA,NE,
692,O-glycan_a-D-NeupNAc_704,O704,GT,Q9Y274,,active,AA,NE,
693,O-glycan_a-D-NeupNAc_728,O728,GT,P15907,,active,AA,NE,
694,O-glycan_a-D-NeupNAc_728,O728,GT,Q64685,,active,AA,NE,
695,O-glycan_a-D-NeupNAc_728,O728,GT,Q96JF0,,active,AA,NE,
696,O-glycan_a-D-NeupNAc_728,O728,GT,Q76K27,,active,AA,NE,
703,O-glycan_b-D-GlcpNAc_699,O699,GT,Q9Z222,,active,AA,NE,
704,O-glycan_b-D-GlcpNAc_699,O699,GT,Q9NY97,,active,AA,NE,
705,O-glycan_b-D-GlcpNAc_699,O699,GT,Q1RLK6,,active,AA,NE,
706,O-glycan_b-D-GlcpNAc_699,O699,GT,Q9C0J1,,active,AA,NE,
707,O-glycan_b-D-GlcpNAc_699,O699,GT,Q8BGY6,,active,AA,NE,
708,O-glycan_b-D-GlcpNAc_699,O699,GT,Q9BYG0,,active,AA,NE,
709,O-glycan_b-D-GlcpNAc_699,O699,GT,Q8R3I9,,active,AA,NE,
710,O-glycan_b-D-GlcpNAc_699,O699,GT,Q7Z7M8,,active,AA,NE,
711,O-glycan_a-L-Fucp_671,O671,GT,Q5F2L2,,active,AA,NE,
712,O-glycan_a-L-Fucp_671,O671,GT,Q6P4F1,,active,AA,NE,
713,O-glycan_a-L-Fucp_671,O671,GT,Q8BHC9,,active,AA,NE,
714,O-glycan_a-L-Fucp_671,O671,GT,Q495W5,,active,AA,NE,
715,O-glycan_a-L-Fucp_671,O671,GT,Q11127,,active,AA,NE,
716,O-glycan_a-L-Fucp_671,O671,GT,P22083,,active,AA,NE,
717,O-glycan_a-L-Fucp_671,O671,GT,Q11131,,active,AA,NE,
718,O-glycan_a-L-Fucp_671,O671,GT,Q11130,,active,AA,NE,
719,O-glycan_a-L-Fucp_671,O671,GT,Q9Y231,,active,AA,NE,
720,O-glycan_a-L-Fucp_671,O671,GT,O88819,,active,AA,NE,
721,O-glycan_b-D-GlcpNAc_619,O619,GT,Q09324,,active,AA,NE,
722,O-glycan_b-D-GlcpNAc_619,O619,GT,Q02742,,active,AA,NE,
723,O-glycan_b-D-GlcpNAc_619,O619,GT,P97402,,active,AA,NE,
724,O-glycan_b-D-GlcpNAc_619,O619,GT,Q8N0V5,,active,AA,NE,
725,O-glycan_b-D-GlcpNAc_619,O619,GT,Q5JCT0,,active,AA,NE,
726,O-glycan_b-D-GlcpNAc_619,O619,GT,O95395,,active,AA,NE,
727,O-glycan_a-L-Fucp_669,O669,GT,Q5F2L2,,active,AA,NE,
728,O-glycan_a-L-Fucp_669,O669,GT,Q6P4F1,,active,AA,NE,
729,O-glycan_a-L-Fucp_669,O669,GT,Q8BHC9,,active,AA,NE,
730,O-glycan_a-L-Fucp_669,O669,GT,Q495W5,,active,AA,NE,
731,O-glycan_a-L-Fucp_669,O669,GT,Q11127,,active,AA,NE,
732,O-glycan_a-L-Fucp_669,O669,GT,P22083,,active,AA,NE,
733,O-glycan_a-L-Fucp_669,O669,GT,Q11131,,active,AA,NE,
734,O-glycan_a-L-Fucp_669,O669,GT,Q11130,,active,AA,NE,
735,O-glycan_a-L-Fucp_669,O669,GT,Q9Y231,,active,AA,NE,
736,O-glycan_a-L-Fucp_669,O669,GT,O88819,,active,AA,NE,
745,O-glycan_b-D-Galp_670,O670,GT,P15291,,active,AA,NE,
746,O-glycan_b-D-Galp_670,O670,GT,P15535,,active,AA,NE,
747,O-glycan_b-D-Galp_670,O670,GT,O60909,,active,AA,NE,
748,O-glycan_b-D-Galp_670,O670,GT,Q9Z2Y2,,active,AA,NE,
749,O-glycan_b-D-Galp_670,O670,GT,Q91YY2,,active,AA,NE,
750,O-glycan_b-D-Galp_670,O670,GT,O60512,,active,AA,NE,
751,O-glycan_b-D-Galp_670,O670,GT,Q9JJ04,,active,AA,NE,
752,O-glycan_b-D-Galp_670,O670,GT,O60513,,active,AA,NE,
753,O-glycan_b-D-Galp_670,O670,GT,Q9JMK0,,active,AA,NE,
754,O-glycan_b-D-Galp_670,O670,GT,O43286,,active,AA,NE,
755,O-glycan_b-D-GalpNAc_634,O634,GT,Q09200,,active,NE,NE,
756,O-glycan_b-D-GalpNAc_634,O634,GT,Q00973,,active,NE,NE,
757,O-glycan_b-D-GalpNAc_634,O634,GT,Q09199,,active,NE,NE,
758,O-glycan_b-D-GalpNAc_634,O634,GT,Q8NHY0,,active,NE,NE,
759,N-glycan_a-D-NeupNAc_222,N222,GT,P15907,,active,NE,NE,
760,N-glycan_a-D-NeupNAc_222,N222,GT,Q64685,,active,NE,NE,
761,N-glycan_a-D-NeupNAc_222,N222,GT,Q96JF0,,active,NE,NE,
762,N-glycan_a-D-NeupNAc_222,N222,GT,Q76K27,,active,NE,NE,
763,N-glycan_sulfate_469,N469,GT,Q8BQ86,,active,NE,NE,
764,N-glycan_sulfate_469,N469,GT,Q9H2A9,,active,NE,NE,
765,N-glycan_sulfate_469,N469,GT,Q76EC5,,active,NE,NE,
766,N-glycan_sulfate_469,N469,GT,Q7L1S5,,active,NE,NE,
767,N-glycan_a-D-NeupNAc_105,N105,GT,Q11203,,active,NE,NE,
768,N-glycan_a-D-NeupNAc_105,N105,GT,P97325,,active,NE,NE,
769,N-glycan_a-D-NeupNAc_105,N105,GT,Q11206,,active,NE,NE,
770,N-glycan_a-D-NeupNAc_105,N105,GT,Q91Y74,,active,NE,NE,
771,N-glycan_a-D-NeupNAc_105,N105,GT,Q8VIB3,,active,NE,NE,
772,N-glycan_a-D-NeupNAc_105,N105,GT,Q9Y274,,active,NE,NE,
773,O-glycan_a-L-Fucp_705,O705,GT,Q5F2L2,,active,NE,NE,
774,O-glycan_a-L-Fucp_705,O705,GT,Q6P4F1,,active,NE,NE,
775,O-glycan_a-L-Fucp_705,O705,GT,Q8BHC9,,active,NE,NE,
776,O-glycan_a-L-Fucp_705,O705,GT,Q495W5,,active,NE,NE,
777,O-glycan_a-L-Fucp_705,O705,GT,Q11127,,active,NE,NE,
778,O-glycan_a-L-Fucp_705,O705,GT,P22083,,active,NE,NE,
779,O-glycan_a-L-Fucp_705,O705,GT,Q11131,,active,NE,NE,
780,O-glycan_a-L-Fucp_705,O705,GT,Q11130,,active,NE,NE,
781,O-glycan_a-L-Fucp_705,O705,GT,Q9Y231,,active,NE,NE,
782,O-glycan_a-L-Fucp_705,O705,GT,O88819,,active,NE,NE,
783,O-glycan_b-D-Galp_700,O700,GT,P15291,,active,NE,NE,
784,O-glycan_b-D-Galp_700,O700,GT,P15535,,active,NE,NE,
785,O-glycan_b-D-Galp_700,O700,GT,O60909,,active,NE,NE,
786,O-glycan_b-D-Galp_700,O700,GT,Q9Z2Y2,,active,NE,NE,
787,O-glycan_b-D-Galp_700,O700,GT,Q91YY2,,active,NE,NE,
788,O-glycan_b-D-Galp_700,O700,GT,O60512,,active,NE,NE,
789,O-glycan_b-D-Galp_700,O700,GT,Q9JJ04,,active,NE,NE,
790,O-glycan_b-D-Galp_700,O700,GT,O60513,,active,NE,NE,
791,O-glycan_b-D-Galp_700,O700,GT,Q9JMK0,,active,NE,NE,
792,O-glycan_b-D-Galp_700,O700,GT,O43286,,active,NE,NE,
793,O-glycan_a-D-NeupNAc_703,O703,GT,P54751,,active,NE,NE,
794,O-glycan_a-D-NeupNAc_703,O703,GT,Q11201,,active,NE,NE,
795,O-glycan_a-D-NeupNAc_703,O703,GT,Q11204,,active,NE,NE,
796,O-glycan_a-D-NeupNAc_703,O703,GT,Q16842,,active,NE,NE,
797,O-glycan_a-D-NeupNAc_703,O703,GT,Q11203,,active,NE,NE,
798,O-glycan_a-D-NeupNAc_703,O703,GT,P97325,,active,NE,NE,
799,O-glycan_a-D-NeupNAc_703,O703,GT,Q11206,,active,NE,NE,
800,O-glycan_a-D-NeupNAc_703,O703,GT,Q91Y74,,active,NE,NE,
801,O-glycan_a-D-NeupNAc_703,O703,GT,O88829,,active,NE,NE,
802,O-glycan_a-D-NeupNAc_703,O703,GT,Q9UNP4,,active,NE,NE,
803,O-glycan_a-D-NeupNAc_703,O703,GT,Q8VIB3,,active,NE,NE,
804,O-glycan_a-D-NeupNAc_703,O703,GT,Q9Y274,,active,NE,NE,
805,N-glycan_b-D-GalpNAc_108,N108,GT,Q09200,,active,NE,NE,
806,N-glycan_b-D-GalpNAc_108,N108,GT,Q00973,,active,NE,NE,
807,N-glycan_b-D-GalpNAc_108,N108,GT,Q09199,,active,NE,NE,
808,N-glycan_b-D-GalpNAc_108,N108,GT,Q8NHY0,,active,NE,NE,
809,N-glycan_b-D-GalpNAc_109,N109,GT,Q09200,,active,NE,NE,
810,N-glycan_b-D-GalpNAc_109,N109,GT,Q00973,,active,NE,NE,
811,N-glycan_b-D-GalpNAc_109,N109,GT,Q09199,,active,NE,NE,
812,N-glycan_b-D-GalpNAc_109,N109,GT,Q8NHY0,,active,NE,NE,
813,N-glycan_b-D-GalpNAc_82,N82,GT,Q09200,,active,NE,NE,
814,N-glycan_b-D-GalpNAc_82,N82,GT,Q00973,,active,NE,NE,
815,N-glycan_b-D-GalpNAc_82,N82,GT,Q09199,,active,NE,NE,
816,N-glycan_b-D-GalpNAc_82,N82,GT,Q8NHY0,,active,NE,NE,
817,N-glycan_b-D-GalpNAc_107,N107,GT,Q09200,,active,NE,NE,
818,N-glycan_b-D-GalpNAc_107,N107,GT,Q00973,,active,NE,NE,
819,N-glycan_b-D-GalpNAc_107,N107,GT,Q09199,,active,NE,NE,
820,N-glycan_b-D-GalpNAc_107,N107,GT,Q8NHY0,,active,NE,NE,
821,N-glycan_b-D-Galp_78,N78,GT,O43825,,active,NE,NE,
822,N-glycan_b-D-Galp_78,N78,GT,O54905,,active,NE,NE,
823,N-glycan_b-D-Galp_78,N78,GT,Q9Y2C3,,active,NE,NE,
824,N-glycan_b-D-Galp_78,N78,GT,Q9JI67,,active,NE,NE,
825,N-glycan_sulfate_470,N470,GT,Q8BQ86,,active,NE,NE,
826,N-glycan_sulfate_470,N470,GT,Q9H2A9,,active,NE,NE,
827,N-glycan_sulfate_470,N470,GT,Q76EC5,,active,NE,NE,
828,N-glycan_sulfate_470,N470,GT,Q7L1S5,,active,NE,NE,
829,O-glycan_a-D-GalpNAc_708,O708,GT,P16442,,active,AA,NE,
830,O-glycan_a-D-GalpNAc_708,O708,GT,P38649,,active,AA,NE,
831,O-glycan_a-L-Fucp_709,O709,GT,P19526,,active,AA,NE,
832,O-glycan_a-L-Fucp_709,O709,GT,O09160,,active,AA,NE,
833,O-glycan_a-L-Fucp_709,O709,GT,Q9JL27,,active,AA,NE,
834,O-glycan_a-L-Fucp_709,O709,GT,Q10981,,active,AA,NE,
835,O-glycan_a-L-Fucp_709,O709,GT,P97353,,active,AA,NE,
836,N-glycan_b-D-GlcpNAc_232,N232,GT,Q9Z222,,active,AA,NE,
837,N-glycan_b-D-GlcpNAc_232,N232,GT,Q9NY97,,active,AA,NE,
838,N-glycan_b-D-GlcpNAc_232,N232,GT,Q1RLK6,,active,AA,NE,
839,N-glycan_b-D-GlcpNAc_232,N232,GT,Q9C0J1,,active,AA,NE,
840,N-glycan_b-D-GlcpNAc_232,N232,GT,Q8R3I9,,active,AA,NE,
841,N-glycan_b-D-GlcpNAc_232,N232,GT,Q7Z7M8,,active,AA,NE,
842,N-glycan_b-D-GlcpNAc_234,N234,GT,Q9Z222,,active,AA,NE,
843,N-glycan_b-D-GlcpNAc_234,N234,GT,Q9NY97,,active,AA,NE,
844,N-glycan_b-D-GlcpNAc_234,N234,GT,Q1RLK6,,active,AA,NE,
845,N-glycan_b-D-GlcpNAc_234,N234,GT,Q9C0J1,,active,AA,NE,
846,N-glycan_b-D-GlcpNAc_234,N234,GT,Q8R3I9,,active,AA,NE,
847,N-glycan_b-D-GlcpNAc_234,N234,GT,Q7Z7M8,,active,AA,NE,
848,N-glycan_b-D-GlcpNAc_76,N76,GT,Q9Z222,,active,AA,NE,
849,N-glycan_b-D-GlcpNAc_76,N76,GT,Q9NY97,,active,AA,NE,
850,N-glycan_b-D-GlcpNAc_76,N76,GT,Q1RLK6,,active,AA,NE,
851,N-glycan_b-D-GlcpNAc_76,N76,GT,Q9C0J1,,active,AA,NE,
852,N-glycan_b-D-GlcpNAc_76,N76,GT,Q8R3I9,,active,AA,NE,
853,N-glycan_b-D-GlcpNAc_76,N76,GT,Q7Z7M8,,active,AA,NE,
854,N-glycan_b-D-Galp_281,N281,GT,P15291,,active,AA,NE,
855,N-glycan_b-D-Galp_281,N281,GT,P15535,,active,AA,NE,
856,N-glycan_b-D-Galp_281,N281,GT,O60909,,active,AA,NE,
857,N-glycan_b-D-Galp_281,N281,GT,Q9Z2Y2,,active,AA,NE,
858,N-glycan_b-D-Galp_281,N281,GT,Q91YY2,,active,AA,NE,
859,N-glycan_b-D-Galp_281,N281,GT,O60512,,active,AA,NE,
860,N-glycan_b-D-Galp_280,N280,GT,P15291,,active,AA,NE,
861,N-glycan_b-D-Galp_280,N280,GT,P15535,,active,AA,NE,
862,N-glycan_b-D-Galp_280,N280,GT,O60909,,active,AA,NE,
863,N-glycan_b-D-Galp_280,N280,GT,Q9Z2Y2,,active,AA,NE,
864,N-glycan_b-D-Galp_280,N280,GT,Q91YY2,,active,AA,NE,
865,N-glycan_b-D-Galp_280,N280,GT,O60512,,active,AA,NE,
866,N-glycan_b-D-Galp_77,N77,GT,P15291,,active,AA,NE,
867,N-glycan_b-D-Galp_77,N77,GT,P15535,,active,AA,NE,
868,N-glycan_b-D-Galp_77,N77,GT,O60909,,active,AA,NE,
869,N-glycan_b-D-Galp_77,N77,GT,Q9Z2Y2,,active,AA,NE,
870,N-glycan_b-D-Galp_77,N77,GT,Q91YY2,,active,AA,NE,
871,N-glycan_b-D-Galp_77,N77,GT,O60512,,active,AA,NE,
872,N-glycan_a-L-Fucp_230,N230,GT,P19526,,active,AA,NE,
873,N-glycan_a-L-Fucp_230,N230,GT,O09160,,active,AA,NE,
874,N-glycan_a-L-Fucp_230,N230,GT,Q9JL27,,active,AA,NE,
875,N-glycan_a-L-Fucp_230,N230,GT,Q10981,,active,AA,NE,
876,N-glycan_a-L-Fucp_230,N230,GT,P97353,,active,AA,NE,
877,N-glycan_a-L-Fucp_277,N277,GT,P19526,,active,AA,NE,
878,N-glycan_a-L-Fucp_277,N277,GT,O09160,,active,AA,NE,
879,N-glycan_a-L-Fucp_277,N277,GT,Q9JL27,,active,AA,NE,
880,N-glycan_a-L-Fucp_277,N277,GT,Q10981,,active,AA,NE,
881,N-glycan_a-L-Fucp_277,N277,GT,P97353,,active,AA,NE,
882,N-glycan_a-L-Fucp_279,N279,GT,P19526,,active,AA,NE,
883,N-glycan_a-L-Fucp_279,N279,GT,O09160,,active,AA,NE,
884,N-glycan_a-L-Fucp_279,N279,GT,Q9JL27,,active,AA,NE,
885,N-glycan_a-L-Fucp_279,N279,GT,Q10981,,active,AA,NE,
886,N-glycan_a-L-Fucp_279,N279,GT,P97353,,active,AA,NE,
887,N-glycan_a-L-Fucp_231,N231,GT,P19526,,active,AA,NE,
888,N-glycan_a-L-Fucp_231,N231,GT,O09160,,active,AA,NE,
889,N-glycan_a-L-Fucp_231,N231,GT,Q9JL27,,active,AA,NE,
890,N-glycan_a-L-Fucp_231,N231,GT,Q10981,,active,AA,NE,
891,N-glycan_a-L-Fucp_231,N231,GT,P97353,,active,AA,NE,
892,N-glycan_a-D-NeupNAc_401,N401,GT,P54751,,active,AA,NE,
893,N-glycan_a-D-NeupNAc_401,N401,GT,Q11201,,active,AA,NE,
894,N-glycan_a-D-NeupNAc_401,N401,GT,Q11204,,active,AA,NE,
895,N-glycan_a-D-NeupNAc_401,N401,GT,Q16842,,active,AA,NE,
896,N-glycan_a-D-NeupNAc_401,N401,GT,Q11203,,active,AA,NE,
897,N-glycan_a-D-NeupNAc_401,N401,GT,P97325,,active,AA,NE,
898,N-glycan_a-D-NeupNAc_401,N401,GT,Q11206,,active,AA,NE,
899,N-glycan_a-D-NeupNAc_401,N401,GT,Q91Y74,,active,AA,NE,
900,N-glycan_a-D-NeupNAc_401,N401,GT,O88829,,active,AA,NE,
901,N-glycan_a-D-NeupNAc_401,N401,GT,Q9UNP4,,active,AA,NE,
902,N-glycan_a-D-NeupNAc_401,N401,GT,Q8VIB3,,active,AA,NE,
903,N-glycan_a-D-NeupNAc_401,N401,GT,Q9Y274,,active,AA,NE,
904,N-glycan_a-D-NeupNAc_233,N233,GT,P15907,,active,AA,NE,
905,N-glycan_a-D-NeupNAc_233,N233,GT,Q64685,,active,AA,NE,
906,N-glycan_a-D-NeupNAc_233,N233,GT,Q96JF0,,active,AA,NE,
907,N-glycan_a-D-NeupNAc_233,N233,GT,Q76K27,,active,AA,NE,
908,N-glycan_a-D-Galp_52,N52,GT,Q3V1N9,,active,AA,NE,
909,N-glycan_a-D-Galp_52,N52,GT,U3KPV4,,active,AA,NE,
910,N-glycan_a-D-Galp_52,N52,GT,P23336,,active,AA,NE,
911,N-glycan_a-D-Galp_52,N52,GT,Q4G0N0,,active,AA,NE,
912,N-glycan_a-D-Galp_50,N50,GT,Q3V1N9,,active,AA,NE,
913,N-glycan_a-D-Galp_50,N50,GT,U3KPV4,,active,AA,NE,
914,N-glycan_a-D-Galp_50,N50,GT,P23336,,active,AA,NE,
915,N-glycan_a-D-Galp_50,N50,GT,Q4G0N0,,active,AA,NE,
916,N-glycan_b-D-GlcpNAc_292,N292,GT,Q9Z222,,active,AA,NE,
917,N-glycan_b-D-GlcpNAc_292,N292,GT,Q9NY97,,active,AA,NE,
918,N-glycan_b-D-GlcpNAc_292,N292,GT,Q1RLK6,,active,AA,NE,
919,N-glycan_b-D-GlcpNAc_292,N292,GT,Q9C0J1,,active,AA,NE,
920,N-glycan_b-D-GlcpNAc_292,N292,GT,Q8R3I9,,active,AA,NE,
921,N-glycan_b-D-GlcpNAc_292,N292,GT,Q7Z7M8,,active,AA,NE,
922,N-glycan_b-D-Galp_340,N340,GT,P15291,,active,AA,NE,
923,N-glycan_b-D-Galp_340,N340,GT,P15535,,active,AA,NE,
924,N-glycan_b-D-Galp_340,N340,GT,O60909,,active,AA,NE,
925,N-glycan_b-D-Galp_340,N340,GT,Q9Z2Y2,,active,AA,NE,
926,N-glycan_b-D-Galp_340,N340,GT,Q91YY2,,active,AA,NE,
927,N-glycan_b-D-Galp_340,N340,GT,O60512,,active,AA,NE,
928,N-glycan_a-D-NeupNAc_312,N312,GT,P54751,Capping Step 3,active,NE,NE,
929,N-glycan_a-D-NeupNAc_312,N312,GT,Q11201,Capping Step 3,active,NE,NE,
930,N-glycan_a-D-NeupNAc_312,N312,GT,Q11204,Capping Step 3,active,NE,NE,
931,N-glycan_a-D-NeupNAc_312,N312,GT,Q16842,Capping Step 3,active,NE,NE,
932,N-glycan_a-D-NeupNAc_312,N312,GT,Q11203,Capping Step 3,active,NE,NE,
933,N-glycan_a-D-NeupNAc_312,N312,GT,P97325,Capping Step 3,active,NE,NE,
934,N-glycan_a-D-NeupNAc_312,N312,GT,Q11206,Capping Step 3,active,NE,NE,
935,N-glycan_a-D-NeupNAc_312,N312,GT,Q91Y74,Capping Step 3,active,NE,NE,
936,N-glycan_a-D-NeupNAc_312,N312,GT,O88829,Capping Step 3,active,NE,NE,
937,N-glycan_a-D-NeupNAc_312,N312,GT,Q9UNP4,Capping Step 3,active,NE,NE,
938,N-glycan_a-D-NeupNAc_312,N312,GT,Q8VIB3,Capping Step 3,active,NE,NE,
939,N-glycan_a-D-NeupNAc_312,N312,GT,Q9Y274,Capping Step 3,active,NE,NE,
940,N-glycan_a-D-Galp_39,N39,GT,Q3V1N9,,active,NE,NE,
941,N-glycan_a-D-Galp_39,N39,GT,U3KPV4,,active,NE,NE,
942,N-glycan_a-D-Galp_39,N39,GT,P23336,,active,NE,NE,
943,N-glycan_a-D-Galp_39,N39,GT,Q4G0N0,,active,NE,NE,
944,N-glycan_a-D-Galp_51,N51,GT,Q3V1N9,,active,NE,NE,
945,N-glycan_a-D-Galp_51,N51,GT,U3KPV4,,active,NE,NE,
946,N-glycan_a-D-Galp_51,N51,GT,P23336,,active,NE,NE,
947,N-glycan_a-D-Galp_51,N51,GT,Q4G0N0,,active,NE,NE,
948,N-glycan_b-D-GlcpNAc_291,N291,GT,Q9Z222,,active,NE,NE,
949,N-glycan_b-D-GlcpNAc_291,N291,GT,Q9NY97,,active,NE,NE,
950,N-glycan_b-D-GlcpNAc_291,N291,GT,Q1RLK6,,active,NE,NE,
951,N-glycan_b-D-GlcpNAc_291,N291,GT,Q9C0J1,,active,NE,NE,
952,N-glycan_b-D-GlcpNAc_291,N291,GT,Q8R3I9,,active,NE,NE,
953,N-glycan_b-D-GlcpNAc_291,N291,GT,Q7Z7M8,,active,NE,NE,
954,O-glycan_a-D-NeupNAc_727,O727,GT,P54751,,active,NE,NE,
955,O-glycan_a-D-NeupNAc_727,O727,GT,Q11201,,active,NE,NE,
956,O-glycan_a-D-NeupNAc_727,O727,GT,Q11204,,active,NE,NE,
957,O-glycan_a-D-NeupNAc_727,O727,GT,Q16842,,active,NE,NE,
958,O-glycan_a-D-NeupNAc_727,O727,GT,Q11203,,active,NE,NE,
959,O-glycan_a-D-NeupNAc_727,O727,GT,P97325,,active,NE,NE,
960,O-glycan_a-D-NeupNAc_727,O727,GT,Q11206,,active,NE,NE,
961,O-glycan_a-D-NeupNAc_727,O727,GT,Q91Y74,,active,NE,NE,
962,O-glycan_a-D-NeupNAc_727,O727,GT,O88829,,active,NE,NE,
963,O-glycan_a-D-NeupNAc_727,O727,GT,Q9UNP4,,active,NE,NE,
964,O-glycan_a-D-NeupNAc_727,O727,GT,Q8VIB3,,active,NE,NE,
965,O-glycan_a-D-NeupNAc_727,O727,GT,Q9Y274,,active,NE,NE,
966,O-glycan_a-D-NeupNAc_719,O719,GT,P15907,,active,NE,NE,
967,O-glycan_a-D-NeupNAc_719,O719,GT,Q64685,,active,NE,NE,
968,O-glycan_a-D-NeupNAc_719,O719,GT,Q96JF0,,active,NE,NE,
969,O-glycan_a-D-NeupNAc_719,O719,GT,Q76K27,,active,NE,NE,
970,O-glycan_b-D-Galp_644,O644,GT,Q91YY2,Capping Step 5,active,NE,NE,
971,O-glycan_b-D-Galp_644,O644,GT,O60512,Capping Step 5,active,NE,NE,
972,O-glycan_b-D-Galp_644,O644,GT,Q9JJ04,Capping Step 5,active,NE,NE,
973,O-glycan_b-D-Galp_644,O644,GT,O60513,Capping Step 5,active,NE,NE,
974,O-glycan_b-D-Galp_644,O644,GT,Q9JMK0,Capping Step 5,active,NE,NE,
975,O-glycan_b-D-Galp_644,O644,GT,O43286,Capping Step 5,active,NE,NE,
976,N-glycan_a-D-GalpNAc_116,N116,GT,P16442,,active,NE,NE,
977,N-glycan_a-D-GalpNAc_116,N116,GT,P38649,,active,NE,NE,
978,N-glycan_a-D-GalpNAc_117,N117,GT,P16442,,active,NE,NE,
979,N-glycan_a-D-GalpNAc_117,N117,GT,P38649,,active,NE,NE,
980,N-glycan_a-L-Fucp_102,N102,GT,P19526,,active,NE,NE,
981,N-glycan_a-L-Fucp_102,N102,GT,O09160,,active,NE,NE,
982,N-glycan_a-L-Fucp_102,N102,GT,Q9JL27,,active,NE,NE,
983,N-glycan_a-L-Fucp_102,N102,GT,Q10981,,active,NE,NE,
984,N-glycan_a-L-Fucp_102,N102,GT,P97353,,active,NE,NE,
985,N-glycan_a-L-Fucp_103,N103,GT,P19526,,active,NE,NE,
986,N-glycan_a-L-Fucp_103,N103,GT,O09160,,active,NE,NE,
987,N-glycan_a-L-Fucp_103,N103,GT,Q9JL27,,active,NE,NE,
988,N-glycan_a-L-Fucp_103,N103,GT,Q10981,,active,NE,NE,
989,N-glycan_a-L-Fucp_103,N103,GT,P97353,,active,NE,NE,
990,N-glycan_a-D-Galp_114,N114,GT,Q3V1N9,,active,NE,NE,
991,N-glycan_a-D-Galp_114,N114,GT,U3KPV4,,active,NE,NE,
992,N-glycan_a-D-Galp_114,N114,GT,P16442,,active,NE,NE,
993,N-glycan_a-D-Galp_114,N114,GT,P38649,,active,NE,NE,
994,N-glycan_a-D-Galp_114,N114,GT,P23336,,active,NE,NE,
995,N-glycan_a-D-Galp_114,N114,GT,Q4G0N0,,active,NE,NE,
996,N-glycan_a-D-Galp_115,N115,GT,Q3V1N9,,active,NE,NE,
997,N-glycan_a-D-Galp_115,N115,GT,U3KPV4,,active,NE,NE,
998,N-glycan_a-D-Galp_115,N115,GT,P23336,,active,NE,NE,
999,N-glycan_a-D-Galp_115,N115,GT,Q4G0N0,,active,NE,NE,
1001,N-glycan_a-D-Galp_115,N115,GT,P16442,,active,NE,NE,
1002,N-glycan_a-D-Galp_115,N115,GT,P38649,,active,NE,NE,
1003,N-glycan_a-D-Galp_83,N83,GT,P16442,,active,NE,NE,
1004,N-glycan_a-D-Galp_83,N83,GT,P38649,,active,NE,NE,
1005,N-glycan_a-D-Galp_309,N309,GT,Q3V1N9,,active,NE,NE,
1006,N-glycan_a-D-Galp_309,N309,GT,U3KPV4,,active,NE,NE,
1007,N-glycan_a-D-Galp_309,N309,GT,P16442,,active,NE,NE,
1008,N-glycan_a-D-Galp_309,N309,GT,P38649,,active,NE,NE,
1009,N-glycan_a-D-Galp_309,N309,GT,P23336,,active,NE,NE,
1010,N-glycan_a-D-Galp_309,N309,GT,Q4G0N0,,active,NE,NE,
1011,O-glycan_a-D-Galp_557,O557,GT,P16442,,active,NE,NE,
1012,O-glycan_a-D-Galp_557,O557,GT,P38649,,active,NE,NE,
1013,O-glycan_a-D-GalpNAc_166,O166,GT,P16442,,active,NE,NE,
1014,O-glycan_a-D-GalpNAc_166,O166,GT,P38649,,active,NE,NE,
1015,O-glycan_a-D-Galp_570,O570,GT,P16442,,active,NE,NE,
1016,O-glycan_a-D-Galp_570,O570,GT,P38649,,active,NE,NE,
1017,O-glycan_a-D-GalpNAc_585,O585,GT,P16442,,active,NE,NE,
1018,O-glycan_a-D-GalpNAc_585,O585,GT,P38649,,active,NE,NE,
1019,O-glycan_a-D-Galp_560,O560,GT,Q3V1N9,,active,NE,NE,
1020,O-glycan_a-D-Galp_560,O560,GT,U3KPV4,,active,NE,NE,
1021,O-glycan_a-D-Galp_560,O560,GT,P16442,,active,NE,NE,
1022,O-glycan_a-D-Galp_560,O560,GT,P38649,,active,NE,NE,
1023,O-glycan_a-D-Galp_560,O560,GT,P23336,,active,NE,NE,
1024,O-glycan_a-D-Galp_560,O560,GT,Q4G0N0,,active,NE,NE,
1025,O-glycan_a-D-GalpNAc_594,O594,GT,P16442,,active,NE,NE,
1026,O-glycan_a-D-GalpNAc_594,O594,GT,P38649,,active,NE,NE,
1027,O-glycan_a-D-Galp_568,O568,GT,P16442,,active,NE,NE,
1028,O-glycan_a-D-Galp_568,O568,GT,P38649,,active,NE,NE,
1029,O-glycan_a-D-GalpNAc_615,O615,GT,P16442,,active,NE,NE,
1030,O-glycan_a-D-GalpNAc_615,O615,GT,P38649,,active,NE,NE,
1031,O-glycan_a-D-GalpNAc_685,O685,GT,P16442,,active,NE,NE,
1032,O-glycan_a-D-GalpNAc_685,O685,GT,P38649,,active,NE,NE,
1033,O-glycan_a-D-GalpNAc_687,O687,GT,P16442,,active,NE,NE,
1034,O-glycan_a-D-GalpNAc_687,O687,GT,P38649,,active,NE,NE,
1035,O-glycan_a-D-GalpNAc_729,O729,GT,P16442,,active,NE,NE,
1036,O-glycan_a-D-GalpNAc_729,O729,GT,P38649,,active,NE,NE,
1037,O-glycan_a-D-Galp_733,O733,GT,P16442,,active,NE,NE,
1038,O-glycan_a-D-Galp_733,O733,GT,P38649,,active,NE,NE,
1039,O-glycan_a-D-GalpNAc_748,O748,GT,P16442,,active,NE,NE,
1040,O-glycan_a-D-GalpNAc_748,O748,GT,P38649,,active,NE,NE,
1041,O-glycan_a-D-GalpNAc_714,O714,GT,P16442,,active,NE,NE,
1042,O-glycan_a-D-GalpNAc_714,O714,GT,P38649,,active,NE,NE,
1043,O-glycan_a-D-GalpNAc_758,O758,GT,P16442,,active,NE,NE,
1044,O-glycan_a-D-GalpNAc_758,O758,GT,P38649,,active,NE,NE,
1045,N-glycan_a-L-Fucp_329,N329,GT,P19526,,active,NE,NE,
1046,N-glycan_a-L-Fucp_329,N329,GT,O09160,,active,NE,NE,
1047,N-glycan_a-L-Fucp_329,N329,GT,Q9JL27,,active,NE,NE,
1048,N-glycan_a-L-Fucp_329,N329,GT,Q10981,,active,NE,NE,
1049,N-glycan_a-L-Fucp_329,N329,GT,P97353,,active,NE,NE,
1050,N-glycan_a-L-Fucp_328,N328,GT,P19526,,active,NE,NE,
1051,N-glycan_a-L-Fucp_328,N328,GT,O09160,,active,NE,NE,
1052,N-glycan_a-L-Fucp_328,N328,GT,Q9JL27,,active,NE,NE,
1053,N-glycan_a-L-Fucp_328,N328,GT,Q10981,,active,NE,NE,
1054,N-glycan_a-L-Fucp_328,N328,GT,P97353,,active,NE,NE,
1055,N-glycan_a-L-Fucp_81,N81,GT,P19526,,active,NE,NE,
1056,N-glycan_a-L-Fucp_81,N81,GT,O09160,,active,NE,NE,
1057,N-glycan_a-L-Fucp_81,N81,GT,Q9JL27,,active,NE,NE,
1058,N-glycan_a-L-Fucp_81,N81,GT,Q10981,,active,NE,NE,
1059,N-glycan_a-L-Fucp_81,N81,GT,P97353,,active,NE,NE,
1060,N-glycan_a-L-Fucp_200,N200,GT,P19526,,active,NE,NE,
1061,N-glycan_a-L-Fucp_200,N200,GT,O09160,,active,NE,NE,
1062,N-glycan_a-L-Fucp_200,N200,GT,Q9JL27,,active,NE,NE,
1063,N-glycan_a-L-Fucp_200,N200,GT,Q10981,,active,NE,NE,
1064,N-glycan_a-L-Fucp_200,N200,GT,P97353,,active,NE,NE,
1065,O-glycan_a-L-Fucp_566,O566,GT,P19526,,active,NE,NE,
1066,O-glycan_a-L-Fucp_566,O566,GT,O09160,,active,NE,NE,
1067,O-glycan_a-L-Fucp_566,O566,GT,Q9JL27,,active,NE,NE,
1068,O-glycan_a-L-Fucp_566,O566,GT,Q10981,,active,NE,NE,
1069,O-glycan_a-L-Fucp_566,O566,GT,P97353,,active,NE,NE,
1070,O-glycan_a-L-Fucp_607,O607,GT,P19526,,active,NE,NE,
1071,O-glycan_a-L-Fucp_607,O607,GT,O09160,,active,NE,NE,
1072,O-glycan_a-L-Fucp_607,O607,GT,Q9JL27,,active,NE,NE,
1073,O-glycan_a-L-Fucp_607,O607,GT,Q10981,,active,NE,NE,
1074,O-glycan_a-L-Fucp_607,O607,GT,P97353,,active,NE,NE,
1075,O-glycan_a-L-Fucp_556,O556,GT,P19526,,active,NE,NE,
1076,O-glycan_a-L-Fucp_556,O556,GT,O09160,,active,NE,NE,
1077,O-glycan_a-L-Fucp_556,O556,GT,Q9JL27,,active,NE,NE,
1078,O-glycan_a-L-Fucp_556,O556,GT,Q10981,,active,NE,NE,
1079,O-glycan_a-L-Fucp_556,O556,GT,P97353,,active,NE,NE,
1080,O-glycan_a-L-Fucp_659,O659,GT,P19526,,active,NE,NE,
1081,O-glycan_a-L-Fucp_659,O659,GT,O09160,,active,NE,NE,
1082,O-glycan_a-L-Fucp_659,O659,GT,Q9JL27,,active,NE,NE,
1083,O-glycan_a-L-Fucp_659,O659,GT,Q10981,,active,NE,NE,
1084,O-glycan_a-L-Fucp_659,O659,GT,P97353,,active,NE,NE,
1085,O-glycan_a-L-Fucp_660,O660,GT,P19526,,active,NE,NE,
1086,O-glycan_a-L-Fucp_660,O660,GT,O09160,,active,NE,NE,
1087,O-glycan_a-L-Fucp_660,O660,GT,Q9JL27,,active,NE,NE,
1088,O-glycan_a-L-Fucp_660,O660,GT,Q10981,,active,NE,NE,
1089,O-glycan_a-L-Fucp_660,O660,GT,P97353,,active,NE,NE,
1090,O-glycan_a-L-Fucp_741,O741,GT,P19526,,active,NE,NE,
1091,O-glycan_a-L-Fucp_741,O741,GT,O09160,,active,NE,NE,
1092,O-glycan_a-L-Fucp_741,O741,GT,Q9JL27,,active,NE,NE,
1093,O-glycan_a-L-Fucp_741,O741,GT,Q10981,,active,NE,NE,
1094,O-glycan_a-L-Fucp_741,O741,GT,P97353,,active,NE,NE,
1095,O-glycan_a-L-Fucp_683,O683,GT,P19526,,active,NE,NE,
1096,O-glycan_a-L-Fucp_683,O683,GT,O09160,,active,NE,NE,
1097,O-glycan_a-L-Fucp_683,O683,GT,Q9JL27,,active,NE,NE,
1098,O-glycan_a-L-Fucp_683,O683,GT,Q10981,,active,NE,NE,
1099,O-glycan_a-L-Fucp_683,O683,GT,P97353,,active,NE,NE,
1100,O-glycan_a-L-Fucp_734,O734,GT,P19526,,active,NE,NE,
1101,O-glycan_a-L-Fucp_734,O734,GT,O09160,,active,NE,NE,
1102,O-glycan_a-L-Fucp_734,O734,GT,Q9JL27,,active,NE,NE,
1103,O-glycan_a-L-Fucp_734,O734,GT,Q10981,,active,NE,NE,
1104,O-glycan_a-L-Fucp_734,O734,GT,P97353,,active,NE,NE,
1105,O-glycan_a-L-Fucp_747,O747,GT,P19526,,active,NE,NE,
1106,O-glycan_a-L-Fucp_747,O747,GT,O09160,,active,NE,NE,
1107,O-glycan_a-L-Fucp_747,O747,GT,Q9JL27,,active,NE,NE,
1108,O-glycan_a-L-Fucp_747,O747,GT,Q10981,,active,NE,NE,
1109,O-glycan_a-L-Fucp_747,O747,GT,P97353,,active,NE,NE,
